Workbook
Name Slicer_Department1: #N/A
Name TotalHeadcount_KPI: GETPIVOTDATA("Employee ID",'PIVOT TABLES'!$B$4)

Sheet DASHBOARD
B37: Employee ID | C37: Full Name | D37: Department | E37: Gender | F37: Age | G37: Join Date | H37: Exit Date | I37: Exit Reason | J37: Status
B38: {=IFERROR(INDEX(EmployeeData[Employee ID], ROW() - 37), "")} -> 1001 | C38: {=IFERROR(INDEX(EmployeeData[Full Name], ROW() - 37), "")} -> Paz Cruz Dela Cruz | D38: {=IFERROR(INDEX(EmployeeData[Department], ROW() - 37), "")} -> Marketing | E38: {=IFERROR(INDEX(EmployeeData[Gender], ROW() - 37), "")} -> Female | F38: {=IFERROR(INDEX(EmployeeData[Age], ROW() - 37), "")} -> 38 | G38: {=IFERROR(INDEX(EmployeeData[Join Date], ROW() - 37), "")} -> 44104 | H38: {=IFERROR(IF(INDEX(EmployeeData[Exit Date], ROW() - 37)=0, "",INDEX(EmployeeData[Exit Date], ROW() - 37)),"")} -> 45702 | I38: {=IFERROR(IF(INDEX(EmployeeData[Exit Reason], ROW() - 37)=0, "",INDEX(EmployeeData[Exit Reason], ROW() - 37)),"")} -> Better Opportunity | J38: {=IFERROR(INDEX(EmployeeData[Status], ROW() - 37), "")} -> Exited
B39: {=IFERROR(INDEX(EmployeeData[Employee ID], ROW() - 37), "")} -> 1002 | C39: {=IFERROR(INDEX(EmployeeData[Full Name], ROW() - 37), "")} -> Paz Aguilar Camacho | D39: {=IFERROR(INDEX(EmployeeData[Department], ROW() - 37), "")} -> Customer Support | E39: {=IFERROR(INDEX(EmployeeData[Gender], ROW() - 37), "")} -> Female | F39: {=IFERROR(INDEX(EmployeeData[Age], ROW() - 37), "")} -> 53 | G39: {=IFERROR(INDEX(EmployeeData[Join Date], ROW() - 37), "")} -> 45566 | H39: {=IFERROR(IF(INDEX(EmployeeData[Exit Date], ROW() - 37)=0, "",INDEX(EmployeeData[Exit Date], ROW() - 37)),"")} -> 45859 | I39: {=IFERROR(IF(INDEX(EmployeeData[Exit Reason], ROW() - 37)=0, "",INDEX(EmployeeData[Exit Reason], ROW() - 37)),"")} -> Personal Reasons | J39: {=IFERROR(INDEX(EmployeeData[Status], ROW() - 37), "")} -> Exited
B40: {=IFERROR(INDEX(EmployeeData[Employee ID], ROW() - 37), "")} -> 1003 | C40: {=IFERROR(INDEX(EmployeeData[Full Name], ROW() - 37), "")} -> Celine Diaz Domingo | D40: {=IFERROR(INDEX(EmployeeData[Department], ROW() - 37), "")} -> Sales | E40: {=IFERROR(INDEX(EmployeeData[Gender], ROW() - 37), "")} -> Female | F40: {=IFERROR(INDEX(EmployeeData[Age], ROW() - 37), "")} -> 31 | G40: {=IFERROR(INDEX(EmployeeData[Join Date], ROW() - 37), "")} -> 45960 | H40: {=IFERROR(IF(INDEX(EmployeeData[Exit Date], ROW() - 37)=0, "",INDEX(EmployeeData[Exit Date], ROW() - 37)),"")} | I40: {=IFERROR(IF(INDEX(EmployeeData[Exit Reason], ROW() - 37)=0, "",INDEX(EmployeeData[Exit Reason], ROW() - 37)),"")} | J40: {=IFERROR(INDEX(EmployeeData[Status], ROW() - 37), "")} -> Active
B41: {=IFERROR(INDEX(EmployeeData[Employee ID], ROW() - 37), "")} -> 1004 | C41: {=IFERROR(INDEX(EmployeeData[Full Name], ROW() - 37), "")} -> Eduardo Torres Dela Torre | D41: {=IFERROR(INDEX(EmployeeData[Department], ROW() - 37), "")} -> Customer Support | E41: {=IFERROR(INDEX(EmployeeData[Gender], ROW() - 37), "")} -> Male | F41: {=IFERROR(INDEX(EmployeeData[Age], ROW() - 37), "")} -> 43 | G41: {=IFERROR(INDEX(EmployeeData[Join Date], ROW() - 37), "")} -> 44509 | H41: {=IFERROR(IF(INDEX(EmployeeData[Exit Date], ROW() - 37)=0, "",INDEX(EmployeeData[Exit Date], ROW() - 37)),"")} | I41: {=IFERROR(IF(INDEX(EmployeeData[Exit Reason], ROW() - 37)=0, "",INDEX(EmployeeData[Exit Reason], ROW() - 37)),"")} | J41: {=IFERROR(INDEX(EmployeeData[Status], ROW() - 37), "")} -> Active
B42: {=IFERROR(INDEX(EmployeeData[Employee ID], ROW() - 37), "")} -> 1005 | C42: {=IFERROR(INDEX(EmployeeData[Full Name], ROW() - 37), "")} -> Jerome Ocampo Macapagal | D42: {=IFERROR(INDEX(EmployeeData[Department], ROW() - 37), "")} -> Finance | E42: {=IFERROR(INDEX(EmployeeData[Gender], ROW() - 37), "")} -> Male | F42: {=IFERROR(INDEX(EmployeeData[Age], ROW() - 37), "")} -> 56 | G42: {=IFERROR(INDEX(EmployeeData[Join Date], ROW() - 37), "")} -> 44301 | H42: {=IFERROR(IF(INDEX(EmployeeData[Exit Date], ROW() - 37)=0, "",INDEX(EmployeeData[Exit Date], ROW() - 37)),"")} | I42: {=IFERROR(IF(INDEX(EmployeeData[Exit Reason], ROW() - 37)=0, "",INDEX(EmployeeData[Exit Reason], ROW() - 37)),"")} | J42: {=IFERROR(INDEX(EmployeeData[Status], ROW() - 37), "")} -> Active
B43: {=IFERROR(INDEX(EmployeeData[Employee ID], ROW() - 37), "")} -> 1006 | C43: {=IFERROR(INDEX(EmployeeData[Full Name], ROW() - 37), "")} -> Lourdes Santiago Panganiban | D43: {=IFERROR(INDEX(EmployeeData[Department], ROW() - 37), "")} -> Customer Support | E43: {=IFERROR(INDEX(EmployeeData[Gender], ROW() - 37), "")} -> Female | F43: {=IFERROR(INDEX(EmployeeData[Age], ROW() - 37), "")} -> 39 | G43: {=IFERROR(INDEX(EmployeeData[Join Date], ROW() - 37), "")} -> 43427 | H43: {=IFERROR(IF(INDEX(EmployeeData[Exit Date], ROW() - 37)=0, "",INDEX(EmployeeData[Exit Date], ROW() - 37)),"")} | I43: {=IFERROR(IF(INDEX(EmployeeData[Exit Reason], ROW() - 37)=0, "",INDEX(EmployeeData[Exit Reason], ROW() - 37)),"")} | J43: {=IFERROR(INDEX(EmployeeData[Status], ROW() - 37), "")} -> Active
B44: {=IFERROR(INDEX(EmployeeData[Employee ID], ROW() - 37), "")} -> 1007 | C44: {=IFERROR(INDEX(EmployeeData[Full Name], ROW() - 37), "")} -> Manuel Quiambao | D44: {=IFERROR(INDEX(EmployeeData[Department], ROW() - 37), "")} -> Customer Support | E44: {=IFERROR(INDEX(EmployeeData[Gender], ROW() - 37), "")} -> Male | F44: {=IFERROR(INDEX(EmployeeData[Age], ROW() - 37), "")} -> 38 | G44: {=IFERROR(INDEX(EmployeeData[Join Date], ROW() - 37), "")} -> 45975 | H44: {=IFERROR(IF(INDEX(EmployeeData[Exit Date], ROW() - 37)=0, "",INDEX(EmployeeData[Exit Date], ROW() - 37)),"")} | I44: {=IFERROR(IF(INDEX(EmployeeData[Exit Reason], ROW() - 37)=0, "",INDEX(EmployeeData[Exit Reason], ROW() - 37)),"")} | J44: {=IFERROR(INDEX(EmployeeData[Status], ROW() - 37), "")} -> Active
B45: {=IFERROR(INDEX(EmployeeData[Employee ID], ROW() - 37), "")} -> 1008 | C45: {=IFERROR(INDEX(EmployeeData[Full Name], ROW() - 37), "")} -> Pacita Bautista Guevarra | D45: {=IFERROR(INDEX(EmployeeData[Department], ROW() - 37), "")} -> Marketing | E45: {=IFERROR(INDEX(EmployeeData[Gender], ROW() - 37), "")} -> Female | F45: {=IFERROR(INDEX(EmployeeData[Age], ROW() - 37), "")} -> 50 | G45: {=IFERROR(INDEX(EmployeeData[Join Date], ROW() - 37), "")} -> 44655 | H45: {=IFERROR(IF(INDEX(EmployeeData[Exit Date], ROW() - 37)=0, "",INDEX(EmployeeData[Exit Date], ROW() - 37)),"")} -> 46055 | I45: {=IFERROR(IF(INDEX(EmployeeData[Exit Reason], ROW() - 37)=0, "",INDEX(EmployeeData[Exit Reason], ROW() - 37)),"")} -> Personal Reasons | J45: {=IFERROR(INDEX(EmployeeData[Status], ROW() - 37), "")} -> Exited
B46: {=IFERROR(INDEX(EmployeeData[Employee ID], ROW() - 37), "")} -> 1009 | C46: {=IFERROR(INDEX(EmployeeData[Full Name], ROW() - 37), "")} -> Tess Ang Miranda | D46: {=IFERROR(INDEX(EmployeeData[Department], ROW() - 37), "")} -> Customer Support | E46: {=IFERROR(INDEX(EmployeeData[Gender], ROW() - 37), "")} -> Female | F46: {=IFERROR(INDEX(EmployeeData[Age], ROW() - 37), "")} -> 41 | G46: {=IFERROR(INDEX(EmployeeData[Join Date], ROW() - 37), "")} -> 44744 | H46: {=IFERROR(IF(INDEX(EmployeeData[Exit Date], ROW() - 37)=0, "",INDEX(EmployeeData[Exit Date], ROW() - 37)),"")} -> 45266 | I46: {=IFERROR(IF(INDEX(EmployeeData[Exit Reason], ROW() - 37)=0, "",INDEX(EmployeeData[Exit Reason], ROW() - 37)),"")} -> Resignation | J46: {=IFERROR(INDEX(EmployeeData[Status], ROW() - 37), "")} -> Exited
B47: {=IFERROR(INDEX(EmployeeData[Employee ID], ROW() - 37), "")} -> 1010 | C47: {=IFERROR(INDEX(EmployeeData[Full Name], ROW() - 37), "")} -> Gloria Chan | D47: {=IFERROR(INDEX(EmployeeData[Department], ROW() - 37), "")} -> IT | E47: {=IFERROR(INDEX(EmployeeData[Gender], ROW() - 37), "")} -> Other | F47: {=IFERROR(INDEX(EmployeeData[Age], ROW() - 37), "")} -> 50 | G47: {=IFERROR(INDEX(EmployeeData[Join Date], ROW() - 37), "")} -> 43686 | H47: {=IFERROR(IF(INDEX(EmployeeData[Exit Date], ROW() - 37)=0, "",INDEX(EmployeeData[Exit Date], ROW() - 37)),"")} -> 44786 | I47: {=IFERROR(IF(INDEX(EmployeeData[Exit Reason], ROW() - 37)=0, "",INDEX(EmployeeData[Exit Reason], ROW() - 37)),"")} -> Personal Reasons | J47: {=IFERROR(INDEX(EmployeeData[Status], ROW() - 37), "")} -> Exited
B48: {=IFERROR(INDEX(EmployeeData[Employee ID], ROW() - 37), "")} -> 1011 | C48: {=IFERROR(INDEX(EmployeeData[Full Name], ROW() - 37), "")} -> Crisanto Bautista Cueto | D48: {=IFERROR(INDEX(EmployeeData[Department], ROW() - 37), "")} -> IT | E48: {=IFERROR(INDEX(EmployeeData[Gender], ROW() - 37), "")} -> Male | F48: {=IFERROR(INDEX(EmployeeData[Age], ROW() - 37), "")} -> 44 | G48: {=IFERROR(INDEX(EmployeeData[Join Date], ROW() - 37), "")} -> 43999 | H48: {=IFERROR(IF(INDEX(EmployeeData[Exit Date], ROW() - 37)=0, "",INDEX(EmployeeData[Exit Date], ROW() - 37)),"")} | I48: {=IFERROR(IF(INDEX(EmployeeData[Exit Reason], ROW() - 37)=0, "",INDEX(EmployeeData[Exit Reason], ROW() - 37)),"")} | J48: {=IFERROR(INDEX(EmployeeData[Status], ROW() - 37), "")} -> Active
B49: {=IFERROR(INDEX(EmployeeData[Employee ID], ROW() - 37), "")} -> 1012 | C49: {=IFERROR(INDEX(EmployeeData[Full Name], ROW() - 37), "")} -> Teresa Go Salazar | D49: {=IFERROR(INDEX(EmployeeData[Department], ROW() - 37), "")} -> Sales | E49: {=IFERROR(INDEX(EmployeeData[Gender], ROW() - 37), "")} -> Female | F49: {=IFERROR(INDEX(EmployeeData[Age], ROW() - 37), "")} -> 31 | G49: {=IFERROR(INDEX(EmployeeData[Join Date], ROW() - 37), "")} -> 45888 | H49: {=IFERROR(IF(INDEX(EmployeeData[Exit Date], ROW() - 37)=0, "",INDEX(EmployeeData[Exit Date], ROW() - 37)),"")} | I49: {=IFERROR(IF(INDEX(EmployeeData[Exit Reason], ROW() - 37)=0, "",INDEX(EmployeeData[Exit Reason], ROW() - 37)),"")} | J49: {=IFERROR(INDEX(EmployeeData[Status], ROW() - 37), "")} -> Active
... B5038: {=IFERROR(INDEX(EmployeeData[Employee ID], ROW() - 37), "")} | C5038: {=IFERROR(INDEX(EmployeeData[Full Name], ROW() - 37), "")} | D5038: {=IFERROR(INDEX(EmployeeData[Department], ROW() - 37), "")} | E5038: {=IFERROR(INDEX(EmployeeData[Gender], ROW() - 37), "")} | F5038: {=IFERROR(INDEX(EmployeeData[Age], ROW() - 37), "")} | G5038: {=IFERROR(INDEX(EmployeeData[Join Date], ROW() - 37), "")} | H5038: {=IFERROR(IF(INDEX(EmployeeData[Exit Date], ROW() - 37)=0, "",INDEX(EmployeeData[Exit Date], ROW() - 37)),"")} | I5038: {=IFERROR(IF(INDEX(EmployeeData[Exit Reason], ROW() - 37)=0, "",INDEX(EmployeeData[Exit Reason], ROW() - 37)),"")} | J5038: {=IFERROR(INDEX(EmployeeData[Status], ROW() - 37), "")}

Sheet PIVOT TABLES
B2: TOTAL HEADCOUNT (2018 - 2025) | K2: EXIT REASON BREAKDOWN | O2: NEW HIRES VS. EXITS OVER TIME | V2: COMPANY TURNOVER RATE OVER TIME | AE2: TENURE BEFORE EXIT | AL2: ACTIVE & EXIT BY AGE BRACKET
B4: Employee Count | K4: Reason | L4: Exit Count | O4: New Hires per Year & Quarter | R4: Exited per Year & Quarter | V4: Quarter | W4: End Date | X4: Start Date | Y4: Cumulative Headcount-as-of-Quarter End | Z4: Exits per Quarter | AA4: Average Headcount | AB4: Turnover Rate % | AE4: Status | AF4: Average Tenure (days) | AL4: Active vs. Exited
B5: 1081 | K5: Better Opportunity | L5: 81 | P5: Active | S5: Exited | V5: Q1 2018 | W5: =DATE(2018,3,31) -> 43190 | X5: =DATE(2018,1,1) -> 43101 | Y5: =COUNTIFS(EmployeeData[Join Date], "<="&W5, EmployeeData[Exit Date], ">"&W5) + COUNTIFS(EmployeeData[Join Date], "<="&W5, EmployeeData[Exit Date], "") -> 28 | Z5: =COUNTIFS(EmployeeData[Exit Date], ">="&X5, EmployeeData[Exit Date], "<="&W5) -> 0 | AB5: 0 | AE5: Active | AF5: 1662.5067 | AL5: Age Bracket | AM5: Active | AN5: Exited
K6: Termination | L6: 68 | O6: 2018 | P6: 82 | R6: 2018 | S6: 3 | V6: Q2 2018 | W6: =DATE(2018,6,30) -> 43281 | X6: =DATE(2018,4,1) -> 43191 | Y6: =COUNTIFS(EmployeeData[Join Date], "<="&W6, EmployeeData[Exit Date], ">"&W6) + COUNTIFS(EmployeeData[Join Date], "<="&W6, EmployeeData[Exit Date], "") -> 58 | Z6: =COUNTIFS(EmployeeData[Exit Date], ">="&X6, EmployeeData[Exit Date], "<="&W6) -> 1 | AA6: =SUM(Y6,Y5)/2 -> 43 | AB6: =Z6/AA6 -> 0.023255814 | AE6: Exited | AF6: 800.89614 | AL6: 20s | AM6: 153 | AN6: 92
K7: Resignation | L7: 64 | O7: Qtr1 | P7: 18 | R7: Qtr1 | V7: Q3 2018 | W7: =DATE(2018,9,30) -> 43373 | X7: =DATE(2018,7,1) -> 43282 | Y7: =COUNTIFS(EmployeeData[Join Date], "<="&W7, EmployeeData[Exit Date], ">"&W7) + COUNTIFS(EmployeeData[Join Date], "<="&W7, EmployeeData[Exit Date], "") -> 98 | Z7: =COUNTIFS(EmployeeData[Exit Date], ">="&X7, EmployeeData[Exit Date], "<="&W7) -> 2 | AA7: =SUM(Y7,Y6)/2 -> 78 | AB7: =Z7/AA7 -> 0.025641026 | AE7: Grand Total | AF7: 1332.5282 | AL7: 30s | AM7: 162 | AN7: 83
B8: TURNOVER RATE (Exited vs. Total Headcount) | K8: Personal Reasons | L8: 46 | O8: Qtr2 | P8: 21 | R8: Qtr2 | S8: 1 | V8: Q4 2018 | W8: =DATE(2018,12,31) -> 43465 | X8: =DATE(2018,10,1) -> 43374 | Y8: =COUNTIFS(EmployeeData[Join Date], "<="&W8, EmployeeData[Exit Date], ">"&W8) + COUNTIFS(EmployeeData[Join Date], "<="&W8, EmployeeData[Exit Date], "") -> 143 | Z8: =COUNTIFS(EmployeeData[Exit Date], ">="&X8, EmployeeData[Exit Date], "<="&W8) -> 0 | AA8: =SUM(Y8,Y7)/2 -> 120.5 | AB8: =Z8/AA8 -> 0 | AL8: 40s | AM8: 198 | AN8: 101
K9: Retirement | L9: 44 | O9: Qtr3 | P9: 19 | R9: Qtr3 | S9: 2 | V9: Q1 2019 | W9: =DATE(2019,3,31) -> 43555 | X9: =DATE(2019,1,1) -> 43466 | Y9: =COUNTIFS(EmployeeData[Join Date], "<="&W9, EmployeeData[Exit Date], ">"&W9) + COUNTIFS(EmployeeData[Join Date], "<="&W9, EmployeeData[Exit Date], "") -> 186 | Z9: =COUNTIFS(EmployeeData[Exit Date], ">="&X9, EmployeeData[Exit Date], "<="&W9) -> 0 | AA9: =SUM(Y9,Y8)/2 -> 164.5 | AB9: =Z9/AA9 -> 0 | AE9: Average Tenure (Active) | AF9: =DATEDIF(0,GETPIVOTDATA("Tenure (days)",$AE$4,"Status","Active"),"Y") & " years " & DATEDIF(0,GETPIVOTDATA("Tenure (days)",$AE$4,"Status","Active"),"YM") & " months" -> 4 years 6 months | AL9: 50s | AM9: 154 | AN9: 119
B10: Status | C10: Employee Count | K10: Health Issues | L10: 39 | O10: Qtr4 | P10: 24 | R10: Qtr4 | V10: Q2 2019 | W10: =DATE(2019,6,30) -> 43646 | X10: =DATE(2019,4,1) -> 43556 | Y10: =COUNTIFS(EmployeeData[Join Date], "<="&W10, EmployeeData[Exit Date], ">"&W10) + COUNTIFS(EmployeeData[Join Date], "<="&W10, EmployeeData[Exit Date], "") -> 213 | Z10: =COUNTIFS(EmployeeData[Exit Date], ">="&X10, EmployeeData[Exit Date], "<="&W10) -> 1 | AA10: =SUM(Y10,Y9)/2 -> 199.5 | AB10: =Z10/AA10 -> 0.0050125313 | AE10: Average Tenure (Exited) | AF10: =DATEDIF(0,GETPIVOTDATA("Tenure (days)",$AE$4,"Status","Exited"),"Y") & " years " & DATEDIF(0,GETPIVOTDATA("Tenure (days)",$AE$4,"Status","Exited"),"YM") & " months" -> 2 years 2 months | AL10: 60s | AN10: 19
B11: Active | C11: 667 | K11: Contract End | L11: 36 | O11: 2019 | P11: 96 | R11: 2019 | S11: 11 | V11: Q3 2019 | W11: =DATE(2019,9,30) -> 43738 | X11: =DATE(2019,7,1) -> 43647 | Y11: =COUNTIFS(EmployeeData[Join Date], "<="&W11, EmployeeData[Exit Date], ">"&W11) + COUNTIFS(EmployeeData[Join Date], "<="&W11, EmployeeData[Exit Date], "") -> 241 | Z11: =COUNTIFS(EmployeeData[Exit Date], ">="&X11, EmployeeData[Exit Date], "<="&W11) -> 6 | AA11: =SUM(Y11,Y10)/2 -> 227 | AB11: =Z11/AA11 -> 0.026431718 | AL11: Grand Total | AM11: 667 | AN11: 414
B12: Exited | C12: 414 | K12: Relocation | L12: 36 | O12: Qtr1 | P12: 30 | R12: Qtr1 | V12: Q4 2019 | W12: =DATE(2019,12,31) -> 43830 | X12: =DATE(2019,10,1) -> 43739 | Y12: =COUNTIFS(EmployeeData[Join Date], "<="&W12, EmployeeData[Exit Date], ">"&W12) + COUNTIFS(EmployeeData[Join Date], "<="&W12, EmployeeData[Exit Date], "") -> 277 | Z12: =COUNTIFS(EmployeeData[Exit Date], ">="&X12, EmployeeData[Exit Date], "<="&W12) -> 4 | AA12: =SUM(Y12,Y11)/2 -> 259 | AB12: =Z12/AA12 -> 0.015444015 | AE12: Exited Tenure | AH12: Active Tenure
B13: Grand Total | C13: 1081 | K13: Grand Total | L13: 414 | O13: Qtr2 | P13: 14 | R13: Qtr2 | S13: 1 | V13: Q1 2020 | W13: =DATE(2020,3,31) -> 43921 | X13: =DATE(2020,1,1) -> 43831 | Y13: =COUNTIFS(EmployeeData[Join Date], "<="&W13, EmployeeData[Exit Date], ">"&W13) + COUNTIFS(EmployeeData[Join Date], "<="&W13, EmployeeData[Exit Date], "") -> 300 | Z13: =COUNTIFS(EmployeeData[Exit Date], ">="&X13, EmployeeData[Exit Date], "<="&W13) -> 9 | AA13: =SUM(Y13,Y12)/2 -> 288.5 | AB13: =Z13/AA13 -> 0.031195841 | AE13: Tenure (years) | AF13: Exited | AH13: Tenure (years) | AI13: Active
O14: Qtr3 | P14: 25 | R14: Qtr3 | S14: 6 | V14: Q2 2020 | W14: =DATE(2020,6,30) -> 44012 | X14: =DATE(2020,4,1) -> 43922 | Y14: =COUNTIFS(EmployeeData[Join Date], "<="&W14, EmployeeData[Exit Date], ">"&W14) + COUNTIFS(EmployeeData[Join Date], "<="&W14, EmployeeData[Exit Date], "") -> 323 | Z14: =COUNTIFS(EmployeeData[Exit Date], ">="&X14, EmployeeData[Exit Date], "<="&W14) -> 7 | AA14: =SUM(Y14,Y13)/2 -> 311.5 | AB14: =Z14/AA14 -> 0.02247191 | AE14: 0 | AF14: 121 | AH14: 0 | AI14: 42
B15: Turnover Rate: | C15: =GETPIVOTDATA("Employee ID",$B$10,"Status","Exited")/GETPIVOTDATA("Employee ID",$B$10) -> 0.38297872 | O15: Qtr4 | P15: 27 | R15: Qtr4 | S15: 4 | V15: Q3 2020 | W15: =DATE(2020,9,30) -> 44104 | X15: =DATE(2020,7,1) -> 44013 | Y15: =COUNTIFS(EmployeeData[Join Date], "<="&W15, EmployeeData[Exit Date], ">"&W15) + COUNTIFS(EmployeeData[Join Date], "<="&W15, EmployeeData[Exit Date], "") -> 356 | Z15: =COUNTIFS(EmployeeData[Exit Date], ">="&X15, EmployeeData[Exit Date], "<="&W15) -> 5 | AA15: =SUM(Y15,Y14)/2 -> 339.5 | AB15: =Z15/AA15 -> 0.014727541 | AE15: 1 | AF15: 100 | AH15: 1 | AI15: 79
O16: 2020 | P16: 80 | R16: 2020 | S16: 23 | V16: Q4 2020 | W16: =DATE(2020,12,31) -> 44196 | X16: =DATE(2020,10,1) -> 44105 | Y16: =COUNTIFS(EmployeeData[Join Date], "<="&W16, EmployeeData[Exit Date], ">"&W16) + COUNTIFS(EmployeeData[Join Date], "<="&W16, EmployeeData[Exit Date], "") -> 382 | Z16: =COUNTIFS(EmployeeData[Exit Date], ">="&X16, EmployeeData[Exit Date], "<="&W16) -> 2 | AA16: =SUM(Y16,Y15)/2 -> 369 | AB16: =Z16/AA16 -> 0.0054200542 | AE16: 2 | AF16: 76 | AH16: 2 | AI16: 80
B17: TURNOVER PER DEPARTMENT | O17: Qtr1 | P17: 21 | R17: Qtr1 | S17: 9 | V17: Q1 2021 | W17: =DATE(2021,3,31) -> 44286 | X17: =DATE(2021,1,1) -> 44197 | Y17: =COUNTIFS(EmployeeData[Join Date], "<="&W17, EmployeeData[Exit Date], ">"&W17) + COUNTIFS(EmployeeData[Join Date], "<="&W17, EmployeeData[Exit Date], "") -> 412 | Z17: =COUNTIFS(EmployeeData[Exit Date], ">="&X17, EmployeeData[Exit Date], "<="&W17) -> 7 | AA17: =SUM(Y17,Y16)/2 -> 397 | AB17: =Z17/AA17 -> 0.017632242 | AE17: 3 | AF17: 46 | AH17: 3 | AI17: 80
O18: Qtr2 | P18: 24 | R18: Qtr2 | S18: 7 | V18: Q2 2021 | W18: =DATE(2021,6,30) -> 44377 | X18: =DATE(2021,4,1) -> 44287 | Y18: =COUNTIFS(EmployeeData[Join Date], "<="&W18, EmployeeData[Exit Date], ">"&W18) + COUNTIFS(EmployeeData[Join Date], "<="&W18, EmployeeData[Exit Date], "") -> 448 | Z18: =COUNTIFS(EmployeeData[Exit Date], ">="&X18, EmployeeData[Exit Date], "<="&W18) -> 3 | AA18: =SUM(Y18,Y17)/2 -> 430 | AB18: =Z18/AA18 -> 0.0069767442 | AE18: 4 | AF18: 50 | AH18: 4 | AI18: 82
B19: Count of Exits per | O19: Qtr3 | P19: 22 | R19: Qtr3 | S19: 5 | V19: Q3 2021 | W19: =DATE(2021,9,30) -> 44469 | X19: =DATE(2021,7,1) -> 44378 | Y19: =COUNTIFS(EmployeeData[Join Date], "<="&W19, EmployeeData[Exit Date], ">"&W19) + COUNTIFS(EmployeeData[Join Date], "<="&W19, EmployeeData[Exit Date], "") -> 471 | Z19: =COUNTIFS(EmployeeData[Exit Date], ">="&X19, EmployeeData[Exit Date], "<="&W19) -> 6 | AA19: =SUM(Y19,Y18)/2 -> 459.5 | AB19: =Z19/AA19 -> 0.013057671 | AE19: 5 | AF19: 21 | AH19: 5 | AI19: 83
B20: Department | C20: Exited | O20: Qtr4 | P20: 13 | R20: Qtr4 | S20: 2 | V20: Q4 2021 | W20: =DATE(2021,12,31) -> 44561 | X20: =DATE(2021,10,1) -> 44470 | Y20: =COUNTIFS(EmployeeData[Join Date], "<="&W20, EmployeeData[Exit Date], ">"&W20) + COUNTIFS(EmployeeData[Join Date], "<="&W20, EmployeeData[Exit Date], "") -> 492 | Z20: =COUNTIFS(EmployeeData[Exit Date], ">="&X20, EmployeeData[Exit Date], "<="&W20) -> 8 | AA20: =SUM(Y20,Y19)/2 -> 481.5 | AB20: =Z20/AA20 -> 0.016614746 | AE20: Grand Total | AF20: 414 | AH20: 6 | AI20: 96
B21: Customer Support | C21: 100 | O21: 2021 | P21: 87 | R21: 2021 | S21: 24 | V21: Q1 2022 | W21: =DATE(2022,3,31) -> 44651 | X21: =DATE(2022,1,1) -> 44562 | Y21: =COUNTIFS(EmployeeData[Join Date], "<="&W21, EmployeeData[Exit Date], ">"&W21) + COUNTIFS(EmployeeData[Join Date], "<="&W21, EmployeeData[Exit Date], "") -> 519 | Z21: =COUNTIFS(EmployeeData[Exit Date], ">="&X21, EmployeeData[Exit Date], "<="&W21) -> 7 | AA21: =SUM(Y21,Y20)/2 -> 505.5 | AB21: =Z21/AA21 -> 0.013847676 | AH21: 7 | AI21: 91
B22: IT | C22: 96 | O22: Qtr1 | P22: 24 | R22: Qtr1 | S22: 7 | V22: Q2 2022 | W22: =DATE(2022,6,30) -> 44742 | X22: =DATE(2022,4,1) -> 44652 | Y22: =COUNTIFS(EmployeeData[Join Date], "<="&W22, EmployeeData[Exit Date], ">"&W22) + COUNTIFS(EmployeeData[Join Date], "<="&W22, EmployeeData[Exit Date], "") -> 541 | Z22: =COUNTIFS(EmployeeData[Exit Date], ">="&X22, EmployeeData[Exit Date], "<="&W22) -> 15 | AA22: =SUM(Y22,Y21)/2 -> 530 | AB22: =Z22/AA22 -> 0.028301887 | AH22: 8 | AI22: 34
B23: Marketing | C23: 71 | O23: Qtr2 | P23: 27 | R23: Qtr2 | S23: 3 | V23: Q3 2022 | W23: =DATE(2022,9,30) -> 44834 | X23: =DATE(2022,7,1) -> 44743 | Y23: =COUNTIFS(EmployeeData[Join Date], "<="&W23, EmployeeData[Exit Date], ">"&W23) + COUNTIFS(EmployeeData[Join Date], "<="&W23, EmployeeData[Exit Date], "") -> 561 | Z23: =COUNTIFS(EmployeeData[Exit Date], ">="&X23, EmployeeData[Exit Date], "<="&W23) -> 13 | AA23: =SUM(Y23,Y22)/2 -> 551 | AB23: =Z23/AA23 -> 0.023593466 | AH23: Grand Total | AI23: 667
B24: HR | C24: 58 | O24: Qtr3 | P24: 17 | R24: Qtr3 | S24: 6 | V24: Q4 2022 | W24: =DATE(2022,12,31) -> 44926 | X24: =DATE(2022,10,1) -> 44835 | Y24: =COUNTIFS(EmployeeData[Join Date], "<="&W24, EmployeeData[Exit Date], ">"&W24) + COUNTIFS(EmployeeData[Join Date], "<="&W24, EmployeeData[Exit Date], "") -> 583 | Z24: =COUNTIFS(EmployeeData[Exit Date], ">="&X24, EmployeeData[Exit Date], "<="&W24) -> 14 | AA24: =SUM(Y24,Y23)/2 -> 572 | AB24: =Z24/AA24 -> 0.024475524
B25: Sales | C25: 46 | O25: Qtr4 | P25: 19 | R25: Qtr4 | S25: 8 | V25: Q1 2023 | W25: =DATE(2023,3,31) -> 45016 | X25: =DATE(2023,1,1) -> 44927 | Y25: =COUNTIFS(EmployeeData[Join Date], "<="&W25, EmployeeData[Exit Date], ">"&W25) + COUNTIFS(EmployeeData[Join Date], "<="&W25, EmployeeData[Exit Date], "") -> 598 | Z25: =COUNTIFS(EmployeeData[Exit Date], ">="&X25, EmployeeData[Exit Date], "<="&W25) -> 13 | AA25: =SUM(Y25,Y24)/2 -> 590.5 | AB25: =Z25/AA25 -> 0.022015241
B26: Finance | C26: 43 | O26: 2022 | P26: 83 | R26: 2022 | S26: 49 | V26: Q2 2023 | W26: =DATE(2023,6,30) -> 45107 | X26: =DATE(2023,4,1) -> 45017 | Y26: =COUNTIFS(EmployeeData[Join Date], "<="&W26, EmployeeData[Exit Date], ">"&W26) + COUNTIFS(EmployeeData[Join Date], "<="&W26, EmployeeData[Exit Date], "") -> 624 | Z26: =COUNTIFS(EmployeeData[Exit Date], ">="&X26, EmployeeData[Exit Date], "<="&W26) -> 11 | AA26: =SUM(Y26,Y25)/2 -> 611 | AB26: =Z26/AA26 -> 0.018003273
O27: Qtr1 | P27: 26 | R27: Qtr1 | S27: 7 | V27: Q3 2023 | W27: =DATE(2023,9,30) -> 45199 | X27: =DATE(2023,7,1) -> 45108 | Y27: =COUNTIFS(EmployeeData[Join Date], "<="&W27, EmployeeData[Exit Date], ">"&W27) + COUNTIFS(EmployeeData[Join Date], "<="&W27, EmployeeData[Exit Date], "") -> 646 | Z27: =COUNTIFS(EmployeeData[Exit Date], ">="&X27, EmployeeData[Exit Date], "<="&W27) -> 15 | AA27: =SUM(Y27,Y26)/2 -> 635 | AB27: =Z27/AA27 -> 0.023622047
B28: EMPLOYEE HEADCOUNT YoY | O28: Qtr2 | P28: 16 | R28: Qtr2 | S28: 15 | V28: Q4 2023 | W28: =DATE(2023,12,31) -> 45291 | X28: =DATE(2023,10,1) -> 45200 | Y28: =COUNTIFS(EmployeeData[Join Date], "<="&W28, EmployeeData[Exit Date], ">"&W28) + COUNTIFS(EmployeeData[Join Date], "<="&W28, EmployeeData[Exit Date], "") -> 664 | Z28: =COUNTIFS(EmployeeData[Exit Date], ">="&X28, EmployeeData[Exit Date], "<="&W28) -> 20 | AA28: =SUM(Y28,Y27)/2 -> 655 | AB28: =Z28/AA28 -> 0.030534351
O29: Qtr3 | P29: 18 | R29: Qtr3 | S29: 13 | V29: Q1 2024 | W29: =DATE(2024,3,31) -> 45382 | X29: =DATE(2024,1,1) -> 45292 | Y29: =COUNTIFS(EmployeeData[Join Date], "<="&W29, EmployeeData[Exit Date], ">"&W29) + COUNTIFS(EmployeeData[Join Date], "<="&W29, EmployeeData[Exit Date], "") -> 674 | Z29: =COUNTIFS(EmployeeData[Exit Date], ">="&X29, EmployeeData[Exit Date], "<="&W29) -> 18 | AA29: =SUM(Y29,Y28)/2 -> 669 | AB29: =Z29/AA29 -> 0.02690583
B30: Year | C30: Headcount | D30: Total Exits | E30: Total Headcount | F30: Ave. Headcount | G30: Headcount YoY | H30: Turnover Rate | O30: Qtr4 | P30: 23 | R30: Qtr4 | S30: 14 | V30: Q2 2024 | W30: =DATE(2024,6,30) -> 45473 | X30: =DATE(2024,4,1) -> 45383 | Y30: =COUNTIFS(EmployeeData[Join Date], "<="&W30, EmployeeData[Exit Date], ">"&W30) + COUNTIFS(EmployeeData[Join Date], "<="&W30, EmployeeData[Exit Date], "") -> 688 | Z30: =COUNTIFS(EmployeeData[Exit Date], ">="&X30, EmployeeData[Exit Date], "<="&W30) -> 16 | AA30: =SUM(Y30,Y29)/2 -> 681 | AB30: =Z30/AA30 -> 0.02349486
B31: 2018 | C31: 146 | D31: 3 | E31: =C31-D31 -> 143 | F31: =E31 -> 143 | G31: 1 | H31: =D31/F31 -> 0.020979021 | O31: 2023 | P31: 84 | R31: 2023 | S31: 59 | V31: Q3 2024 | W31: =DATE(2024,9,30) -> 45565 | X31: =DATE(2024,7,1) -> 45474 | Y31: =COUNTIFS(EmployeeData[Join Date], "<="&W31, EmployeeData[Exit Date], ">"&W31) + COUNTIFS(EmployeeData[Join Date], "<="&W31, EmployeeData[Exit Date], "") -> 701 | Z31: =COUNTIFS(EmployeeData[Exit Date], ">="&X31, EmployeeData[Exit Date], "<="&W31) -> 16 | AA31: =SUM(Y31,Y30)/2 -> 694.5 | AB31: =Z31/AA31 -> 0.023038157
B32: 2019 | C32: 288 | D32: 11 | E32: =C32-D32 -> 277 | F32: =SUM(E32,E31)/2 -> 210 | G32: =(E32-E31)/E31 -> 0.93706294 | H32: =D32/F32 -> 0.052380952 | O32: Qtr1 | P32: 18 | R32: Qtr1 | S32: 13 | V32: Q4 2024 | W32: =DATE(2024,12,31) -> 45657 | X32: =DATE(2024,10,1) -> 45566 | Y32: =COUNTIFS(EmployeeData[Join Date], "<="&W32, EmployeeData[Exit Date], ">"&W32) + COUNTIFS(EmployeeData[Join Date], "<="&W32, EmployeeData[Exit Date], "") -> 712 | Z32: =COUNTIFS(EmployeeData[Exit Date], ">="&X32, EmployeeData[Exit Date], "<="&W32) -> 21 | AA32: =SUM(Y32,Y31)/2 -> 706.5 | AB32: =Z32/AA32 -> 0.029723992
B33: 2020 | C33: 405 | D33: 23 | E33: =C33-D33 -> 382 | F33: =SUM(E33,E32)/2 -> 329.5 | G33: =(E33-E32)/E32 -> 0.37906137 | H33: =D33/F33 -> 0.069802731 | O33: Qtr2 | P33: 22 | R33: Qtr2 | S33: 11 | V33: Q1 2025 | W33: =DATE(2025,3,31) -> 45747 | X33: =DATE(2025,1,1) -> 45658 | Y33: =COUNTIFS(EmployeeData[Join Date], "<="&W33, EmployeeData[Exit Date], ">"&W33) + COUNTIFS(EmployeeData[Join Date], "<="&W33, EmployeeData[Exit Date], "") -> 710 | Z33: =COUNTIFS(EmployeeData[Exit Date], ">="&X33, EmployeeData[Exit Date], "<="&W33) -> 31 | AA33: =SUM(Y33,Y32)/2 -> 711 | AB33: =Z33/AA33 -> 0.043600563
B34: 2021 | C34: 516 | D34: 24 | E34: =C34-D34 -> 492 | F34: =SUM(E34,E33)/2 -> 437 | G34: =(E34-E33)/E33 -> 0.28795812 | H34: =D34/F34 -> 0.054919908 | O34: Qtr3 | P34: 22 | R34: Qtr3 | S34: 15 | V34: Q2 2025 | W34: =DATE(2025,6,30) -> 45838 | X34: =DATE(2025,4,1) -> 45748 | Y34: =COUNTIFS(EmployeeData[Join Date], "<="&W34, EmployeeData[Exit Date], ">"&W34) + COUNTIFS(EmployeeData[Join Date], "<="&W34, EmployeeData[Exit Date], "") -> 720 | Z34: =COUNTIFS(EmployeeData[Exit Date], ">="&X34, EmployeeData[Exit Date], "<="&W34) -> 26 | AA34: =SUM(Y34,Y33)/2 -> 715 | AB34: =Z34/AA34 -> 0.036363636
B35: 2022 | C35: 632 | D35: 49 | E35: =C35-D35 -> 583 | F35: =SUM(E35,E34)/2 -> 537.5 | G35: =(E35-E34)/E34 -> 0.18495935 | H35: =D35/F35 -> 0.091162791 | O35: Qtr4 | P35: 22 | R35: Qtr4 | S35: 20 | V35: Q3 2025 | W35: =DATE(2025,9,30) -> 45930 | X35: =DATE(2025,7,1) -> 45839 | Y35: =COUNTIFS(EmployeeData[Join Date], "<="&W35, EmployeeData[Exit Date], ">"&W35) + COUNTIFS(EmployeeData[Join Date], "<="&W35, EmployeeData[Exit Date], "") -> 735 | Z35: =COUNTIFS(EmployeeData[Exit Date], ">="&X35, EmployeeData[Exit Date], "<="&W35) -> 22 | AA35: =SUM(Y35,Y34)/2 -> 727.5 | AB35: =Z35/AA35 -> 0.03024055
B36: 2023 | C36: 723 | D36: 59 | E36: =C36-D36 -> 664 | F36: =SUM(E36,E35)/2 -> 623.5 | G36: =(E36-E35)/E35 -> 0.13893654 | H36: =D36/F36 -> 0.094627105 | O36: 2024 | P36: 71 | R36: 2024 | S36: 71 | V36: Q4 2025 | W36: =DATE(2025,12,31) -> 46022 | X36: =DATE(2025,10,1) -> 45931 | Y36: =COUNTIFS(EmployeeData[Join Date], "<="&W36, EmployeeData[Exit Date], ">"&W36) + COUNTIFS(EmployeeData[Join Date], "<="&W36, EmployeeData[Exit Date], "") -> 725 | Z36: =COUNTIFS(EmployeeData[Exit Date], ">="&X36, EmployeeData[Exit Date], "<="&W36) -> 37 | AA36: =SUM(Y36,Y35)/2 -> 730 | AB36: =Z36/AA36 -> 0.050684932
B37: 2024 | C37: 783 | D37: 71 | E37: =C37-D37 -> 712 | F37: =SUM(E37,E36)/2 -> 688 | G37: =(E37-E36)/E36 -> 0.072289157 | H37: =D37/F37 -> 0.10319767 | O37: Qtr1 | P37: 16 | R37: Qtr1 | S37: 18 | U37: 🚩 | V37: Q1 2026 | W37: =DATE(2026,3,31) -> 46112 | X37: =DATE(2026,1,1) -> 46023 | Y37: =COUNTIFS(EmployeeData[Join Date], "<="&W37, EmployeeData[Exit Date], ">"&W37) + COUNTIFS(EmployeeData[Join Date], "<="&W37, EmployeeData[Exit Date], "") -> 689 | Z37: =COUNTIFS(EmployeeData[Exit Date], ">="&X37, EmployeeData[Exit Date], "<="&W37) -> 36 | AA37: =SUM(Y37,Y36)/2 -> 707 | AB37: =Z37/AA37 -> 0.050919378
B38: 2025 | C38: 841 | D38: 116 | E38: =C38-D38 -> 725 | F38: =SUM(E38,E37)/2 -> 718.5 | G38: =(E38-E37)/E37 -> 0.018258427 | H38: =D38/F38 -> 0.16144746 | O38: Qtr2 | P38: 20 | R38: Qtr2 | S38: 16 | U38: 🚩 | V38: Q2 2026 | W38: =DATE(2026,6,30) -> 46203 | X38: =DATE(2026,4,1) -> 46113 | Y38: =COUNTIFS(EmployeeData[Join Date], "<="&W38, EmployeeData[Exit Date], ">"&W38) + COUNTIFS(EmployeeData[Join Date], "<="&W38, EmployeeData[Exit Date], "") -> 667 | Z38: =COUNTIFS(EmployeeData[Exit Date], ">="&X38, EmployeeData[Exit Date], "<="&W38) -> 22 | AA38: =SUM(Y38,Y37)/2 -> 678 | AB38: =Z38/AA38 -> 0.032448378
B39: 2026 | C39: 725 | D39: 58 | E39: =C39-D39 -> 667 | F39: =SUM(E39,E38)/2 -> 696 | G39: =(E39-E38)/E38 -> -0.08 | H39: =D39/F39 -> 0.083333333 | O39: Qtr3 | P39: 18 | R39: Qtr3 | S39: 16
O40: Qtr4 | P40: 17 | R40: Qtr4 | S40: 21
O41: 2025 | P41: 84 | R41: 2025 | S41: 116
O42: Qtr1 | P42: 21 | R42: Qtr1 | S42: 31
O43: Qtr2 | P43: 22 | R43: Qtr2 | S43: 26
O44: Qtr3 | P44: 23 | R44: Qtr3 | S44: 22
O45: Qtr4 | P45: 18 | R45: Qtr4 | S45: 37
O46: Grand Total | P46: 667 | R46: 2026 | S46: 58
R47: Qtr1 | S47: 36
R48: Qtr2 | S48: 22
R49: Qtr3
R50: Qtr4
R51: Grand Total | S51: 414

Sheet Employee Data
A1: Employee ID | B1: Full Name | C1: Department | D1: Gender | E1: Age | F1: Age bracket | G1: Join Date | H1: Exit Date | I1: Exit Reason | J1: Status | K1: Tenure (days) | L1: Tenure (years) | Q1: Tenure (yrs. mos. days)
A2: 1001 | B2: Paz Cruz Dela Cruz | C2: Marketing | D2: Female | E2: 38 | F2: {=_xlfn.IFS(EmployeeData[[#This Row],[Age]]<30,"20s",EmployeeData[[#This Row],[Age]]<40,"30s",EmployeeData[[#This Row],[Age]]<50,"40s",EmployeeData[[#This Row],[Age]]<60,"50s",EmployeeData[[#This Row],[Age]]>=60,"60s")} -> 30s | G2: 44104 | H2: 45702 | I2: Better Opportunity | J2: Exited | K2: {=_xlfn.IFS(EmployeeData[[#This Row],[Status]]="Active",_xlfn.DAYS(TODAY(),EmployeeData[[#This Row],[Join Date]]),EmployeeData[[#This Row],[Status]]="Exited",_xlfn.DAYS(EmployeeData[[#This Row],[Exit Date]],EmployeeData[[#This Row],[Join Date]]))} -> 1598 | L2: {=_xlfn.IFS(EmployeeData[[#This Row],[Status]]="Exited",DATEDIF(EmployeeData[[#This Row],[Join Date]], EmployeeData[[#This Row],[Exit Date]], "Y"),EmployeeData[[#This Row],[Status]]="Active",DATEDIF(EmployeeData[[#This Row],[Join Date]], TODAY(), "Y"))} -> 4 | Q2: {=_xlfn.IFS(EmployeeData[[#This Row],[Status]]="Exited",DATEDIF(EmployeeData[[#This Row],[Join Date]], EmployeeData[[#This Row],[Exit Date]], "Y") & " years " & DATEDIF(EmployeeData[[#This Row],[Join Date]], EmployeeData[[#This Row],[Exit Date]], "YM") & " months " & DATEDIF(EmployeeData[[#This Row],[Join Date]], EmployeeData[[#This Row],[Exit Date]], "MD") & " days",EmployeeData[[#This Row],[Status]]="Active",DATEDIF(EmployeeData[[#This Row],[Join Date]], TODAY(), "Y") & " years " & DATEDIF(EmployeeData[[#This Row],[Join Date]], TODAY(), "YM") & " months " & DATEDIF(EmployeeData[[#This Row],[Join Date]], TODAY(), "MD") & " days")} -> 4 years 4 months 15 days
A3: 1002 | B3: Paz Aguilar Camacho | C3: Customer Support | D3: Female | E3: 53 | F3: {=_xlfn.IFS(EmployeeData[[#This Row],[Age]]<30,"20s",EmployeeData[[#This Row],[Age]]<40,"30s",EmployeeData[[#This Row],[Age]]<50,"40s",EmployeeData[[#This Row],[Age]]<60,"50s",EmployeeData[[#This Row],[Age]]>=60,"60s")} -> 50s | G3: 45566 | H3: 45859 | I3: Personal Reasons | J3: Exited | K3: {=_xlfn.IFS(EmployeeData[[#This Row],[Status]]="Active",_xlfn.DAYS(TODAY(),EmployeeData[[#This Row],[Join Date]]),EmployeeData[[#This Row],[Status]]="Exited",_xlfn.DAYS(EmployeeData[[#This Row],[Exit Date]],EmployeeData[[#This Row],[Join Date]]))} -> 293 | L3: {=_xlfn.IFS(EmployeeData[[#This Row],[Status]]="Exited",DATEDIF(EmployeeData[[#This Row],[Join Date]], EmployeeData[[#This Row],[Exit Date]], "Y"),EmployeeData[[#This Row],[Status]]="Active",DATEDIF(EmployeeData[[#This Row],[Join Date]], TODAY(), "Y"))} -> 0 | Q3: {=_xlfn.IFS(EmployeeData[[#This Row],[Status]]="Exited",DATEDIF(EmployeeData[[#This Row],[Join Date]], EmployeeData[[#This Row],[Exit Date]], "Y") & " years " & DATEDIF(EmployeeData[[#This Row],[Join Date]], EmployeeData[[#This Row],[Exit Date]], "YM") & " months " & DATEDIF(EmployeeData[[#This Row],[Join Date]], EmployeeData[[#This Row],[Exit Date]], "MD") & " days",EmployeeData[[#This Row],[Status]]="Active",DATEDIF(EmployeeData[[#This Row],[Join Date]], TODAY(), "Y") & " years " & DATEDIF(EmployeeData[[#This Row],[Join Date]], TODAY(), "YM") & " months " & DATEDIF(EmployeeData[[#This Row],[Join Date]], TODAY(), "MD") & " days")} -> 0 years 9 months 20 days
A4: 1003 | B4: Celine Diaz Domingo | C4: Sales | D4: Female | E4: 31 | F4: {=_xlfn.IFS(EmployeeData[[#This Row],[Age]]<30,"20s",EmployeeData[[#This Row],[Age]]<40,"30s",EmployeeData[[#This Row],[Age]]<50,"40s",EmployeeData[[#This Row],[Age]]<60,"50s",EmployeeData[[#This Row],[Age]]>=60,"60s")} -> 30s | G4: 45960 | J4: Active | K4: {=_xlfn.IFS(EmployeeData[[#This Row],[Status]]="Active",_xlfn.DAYS(TODAY(),EmployeeData[[#This Row],[Join Date]]),EmployeeData[[#This Row],[Status]]="Exited",_xlfn.DAYS(EmployeeData[[#This Row],[Exit Date]],EmployeeData[[#This Row],[Join Date]]))} -> 237 | L4: {=_xlfn.IFS(EmployeeData[[#This Row],[Status]]="Exited",DATEDIF(EmployeeData[[#This Row],[Join Date]], EmployeeData[[#This Row],[Exit Date]], "Y"),EmployeeData[[#This Row],[Status]]="Active",DATEDIF(EmployeeData[[#This Row],[Join Date]], TODAY(), "Y"))} -> 0 | Q4: {=_xlfn.IFS(EmployeeData[[#This Row],[Status]]="Exited",DATEDIF(EmployeeData[[#This Row],[Join Date]], EmployeeData[[#This Row],[Exit Date]], "Y") & " years " & DATEDIF(EmployeeData[[#This Row],[Join Date]], EmployeeData[[#This Row],[Exit Date]], "YM") & " months " & DATEDIF(EmployeeData[[#This Row],[Join Date]], EmployeeData[[#This Row],[Exit Date]], "MD") & " days",EmployeeData[[#This Row],[Status]]="Active",DATEDIF(EmployeeData[[#This Row],[Join Date]], TODAY(), "Y") & " years " & DATEDIF(EmployeeData[[#This Row],[Join Date]], TODAY(), "YM") & " months " & DATEDIF(EmployeeData[[#This Row],[Join Date]], TODAY(), "MD") & " days")} -> 0 years 7 months 25 days
A5: 1004 | B5: Eduardo Torres Dela Torre | C5: Customer Support | D5: Male | E5: 43 | F5: {=_xlfn.IFS(EmployeeData[[#This Row],[Age]]<30,"20s",EmployeeData[[#This Row],[Age]]<40,"30s",EmployeeData[[#This Row],[Age]]<50,"40s",EmployeeData[[#This Row],[Age]]<60,"50s",EmployeeData[[#This Row],[Age]]>=60,"60s")} -> 40s | G5: 44509 | J5: Active | K5: {=_xlfn.IFS(EmployeeData[[#This Row],[Status]]="Active",_xlfn.DAYS(TODAY(),EmployeeData[[#This Row],[Join Date]]),EmployeeData[[#This Row],[Status]]="Exited",_xlfn.DAYS(EmployeeData[[#This Row],[Exit Date]],EmployeeData[[#This Row],[Join Date]]))} -> 1688 | L5: {=_xlfn.IFS(EmployeeData[[#This Row],[Status]]="Exited",DATEDIF(EmployeeData[[#This Row],[Join Date]], EmployeeData[[#This Row],[Exit Date]], "Y"),EmployeeData[[#This Row],[Status]]="Active",DATEDIF(EmployeeData[[#This Row],[Join Date]], TODAY(), "Y"))} -> 4 | Q5: {=_xlfn.IFS(EmployeeData[[#This Row],[Status]]="Exited",DATEDIF(EmployeeData[[#This Row],[Join Date]], EmployeeData[[#This Row],[Exit Date]], "Y") & " years " & DATEDIF(EmployeeData[[#This Row],[Join Date]], EmployeeData[[#This Row],[Exit Date]], "YM") & " months " & DATEDIF(EmployeeData[[#This Row],[Join Date]], EmployeeData[[#This Row],[Exit Date]], "MD") & " days",EmployeeData[[#This Row],[Status]]="Active",DATEDIF(EmployeeData[[#This Row],[Join Date]], TODAY(), "Y") & " years " & DATEDIF(EmployeeData[[#This Row],[Join Date]], TODAY(), "YM") & " months " & DATEDIF(EmployeeData[[#This Row],[Join Date]], TODAY(), "MD") & " days")} -> 4 years 7 months 15 days
A6: 1005 | B6: Jerome Ocampo Macapagal | C6: Finance | D6: Male | E6: 56 | F6: {=_xlfn.IFS(EmployeeData[[#This Row],[Age]]<30,"20s",EmployeeData[[#This Row],[Age]]<40,"30s",EmployeeData[[#This Row],[Age]]<50,"40s",EmployeeData[[#This Row],[Age]]<60,"50s",EmployeeData[[#This Row],[Age]]>=60,"60s")} -> 50s | G6: 44301 | J6: Active | K6: {=_xlfn.IFS(EmployeeData[[#This Row],[Status]]="Active",_xlfn.DAYS(TODAY(),EmployeeData[[#This Row],[Join Date]]),EmployeeData[[#This Row],[Status]]="Exited",_xlfn.DAYS(EmployeeData[[#This Row],[Exit Date]],EmployeeData[[#This Row],[Join Date]]))} -> 1896 | L6: {=_xlfn.IFS(EmployeeData[[#This Row],[Status]]="Exited",DATEDIF(EmployeeData[[#This Row],[Join Date]], EmployeeData[[#This Row],[Exit Date]], "Y"),EmployeeData[[#This Row],[Status]]="Active",DATEDIF(EmployeeData[[#This Row],[Join Date]], TODAY(), "Y"))} -> 5 | Q6: {=_xlfn.IFS(EmployeeData[[#This Row],[Status]]="Exited",DATEDIF(EmployeeData[[#This Row],[Join Date]], EmployeeData[[#This Row],[Exit Date]], "Y") & " years " & DATEDIF(EmployeeData[[#This Row],[Join Date]], EmployeeData[[#This Row],[Exit Date]], "YM") & " months " & DATEDIF(EmployeeData[[#This Row],[Join Date]], EmployeeData[[#This Row],[Exit Date]], "MD") & " days",EmployeeData[[#This Row],[Status]]="Active",DATEDIF(EmployeeData[[#This Row],[Join Date]], TODAY(), "Y") & " years " & DATEDIF(EmployeeData[[#This Row],[Join Date]], TODAY(), "YM") & " months " & DATEDIF(EmployeeData[[#This Row],[Join Date]], TODAY(), "MD") & " days")} -> 5 years 2 months 9 days
A7: 1006 | B7: Lourdes Santiago Panganiban | C7: Customer Support | D7: Female | E7: 39 | F7: {=_xlfn.IFS(EmployeeData[[#This Row],[Age]]<30,"20s",EmployeeData[[#This Row],[Age]]<40,"30s",EmployeeData[[#This Row],[Age]]<50,"40s",EmployeeData[[#This Row],[Age]]<60,"50s",EmployeeData[[#This Row],[Age]]>=60,"60s")} -> 30s | G7: 43427 | J7: Active | K7: {=_xlfn.IFS(EmployeeData[[#This Row],[Status]]="Active",_xlfn.DAYS(TODAY(),EmployeeData[[#This Row],[Join Date]]),EmployeeData[[#This Row],[Status]]="Exited",_xlfn.DAYS(EmployeeData[[#This Row],[Exit Date]],EmployeeData[[#This Row],[Join Date]]))} -> 2770 | L7: {=_xlfn.IFS(EmployeeData[[#This Row],[Status]]="Exited",DATEDIF(EmployeeData[[#This Row],[Join Date]], EmployeeData[[#This Row],[Exit Date]], "Y"),EmployeeData[[#This Row],[Status]]="Active",DATEDIF(EmployeeData[[#This Row],[Join Date]], TODAY(), "Y"))} -> 7 | Q7: {=_xlfn.IFS(EmployeeData[[#This Row],[Status]]="Exited",DATEDIF(EmployeeData[[#This Row],[Join Date]], EmployeeData[[#This Row],[Exit Date]], "Y") & " years " & DATEDIF(EmployeeData[[#This Row],[Join Date]], EmployeeData[[#This Row],[Exit Date]], "YM") & " months " & DATEDIF(EmployeeData[[#This Row],[Join Date]], EmployeeData[[#This Row],[Exit Date]], "MD") & " days",EmployeeData[[#This Row],[Status]]="Active",DATEDIF(EmployeeData[[#This Row],[Join Date]], TODAY(), "Y") & " years " & DATEDIF(EmployeeData[[#This Row],[Join Date]], TODAY(), "YM") & " months " & DATEDIF(EmployeeData[[#This Row],[Join Date]], TODAY(), "MD") & " days")} -> 7 years 7 months 1 days
A8: 1007 | B8: Manuel Quiambao | C8: Customer Support | D8: Male | E8: 38 | F8: {=_xlfn.IFS(EmployeeData[[#This Row],[Age]]<30,"20s",EmployeeData[[#This Row],[Age]]<40,"30s",EmployeeData[[#This Row],[Age]]<50,"40s",EmployeeData[[#This Row],[Age]]<60,"50s",EmployeeData[[#This Row],[Age]]>=60,"60s")} -> 30s | G8: 45975 | J8: Active | K8: {=_xlfn.IFS(EmployeeData[[#This Row],[Status]]="Active",_xlfn.DAYS(TODAY(),EmployeeData[[#This Row],[Join Date]]),EmployeeData[[#This Row],[Status]]="Exited",_xlfn.DAYS(EmployeeData[[#This Row],[Exit Date]],EmployeeData[[#This Row],[Join Date]]))} -> 222 | L8: {=_xlfn.IFS(EmployeeData[[#This Row],[Status]]="Exited",DATEDIF(EmployeeData[[#This Row],[Join Date]], EmployeeData[[#This Row],[Exit Date]], "Y"),EmployeeData[[#This Row],[Status]]="Active",DATEDIF(EmployeeData[[#This Row],[Join Date]], TODAY(), "Y"))} -> 0 | Q8: {=_xlfn.IFS(EmployeeData[[#This Row],[Status]]="Exited",DATEDIF(EmployeeData[[#This Row],[Join Date]], EmployeeData[[#This Row],[Exit Date]], "Y") & " years " & DATEDIF(EmployeeData[[#This Row],[Join Date]], EmployeeData[[#This Row],[Exit Date]], "YM") & " months " & DATEDIF(EmployeeData[[#This Row],[Join Date]], EmployeeData[[#This Row],[Exit Date]], "MD") & " days",EmployeeData[[#This Row],[Status]]="Active",DATEDIF(EmployeeData[[#This Row],[Join Date]], TODAY(), "Y") & " years " & DATEDIF(EmployeeData[[#This Row],[Join Date]], TODAY(), "YM") & " months " & DATEDIF(EmployeeData[[#This Row],[Join Date]], TODAY(), "MD") & " days")} -> 0 years 7 months 10 days
A9: 1008 | B9: Pacita Bautista Guevarra | C9: Marketing | D9: Female | E9: 50 | F9: {=_xlfn.IFS(EmployeeData[[#This Row],[Age]]<30,"20s",EmployeeData[[#This Row],[Age]]<40,"30s",EmployeeData[[#This Row],[Age]]<50,"40s",EmployeeData[[#This Row],[Age]]<60,"50s",EmployeeData[[#This Row],[Age]]>=60,"60s")} -> 50s | G9: 44655 | H9: 46055 | I9: Personal Reasons | J9: Exited | K9: {=_xlfn.IFS(EmployeeData[[#This Row],[Status]]="Active",_xlfn.DAYS(TODAY(),EmployeeData[[#This Row],[Join Date]]),EmployeeData[[#This Row],[Status]]="Exited",_xlfn.DAYS(EmployeeData[[#This Row],[Exit Date]],EmployeeData[[#This Row],[Join Date]]))} -> 1400 | L9: {=_xlfn.IFS(EmployeeData[[#This Row],[Status]]="Exited",DATEDIF(EmployeeData[[#This Row],[Join Date]], EmployeeData[[#This Row],[Exit Date]], "Y"),EmployeeData[[#This Row],[Status]]="Active",DATEDIF(EmployeeData[[#This Row],[Join Date]], TODAY(), "Y"))} -> 3 | Q9: {=_xlfn.IFS(EmployeeData[[#This Row],[Status]]="Exited",DATEDIF(EmployeeData[[#This Row],[Join Date]], EmployeeData[[#This Row],[Exit Date]], "Y") & " years " & DATEDIF(EmployeeData[[#This Row],[Join Date]], EmployeeData[[#This Row],[Exit Date]], "YM") & " months " & DATEDIF(EmployeeData[[#This Row],[Join Date]], EmployeeData[[#This Row],[Exit Date]], "MD") & " days",EmployeeData[[#This Row],[Status]]="Active",DATEDIF(EmployeeData[[#This Row],[Join Date]], TODAY(), "Y") & " years " & DATEDIF(EmployeeData[[#This Row],[Join Date]], TODAY(), "YM") & " months " & DATEDIF(EmployeeData[[#This Row],[Join Date]], TODAY(), "MD") & " days")} -> 3 years 9 months 29 days
A10: 1009 | B10: Tess Ang Miranda | C10: Customer Support | D10: Female | E10: 41 | F10: {=_xlfn.IFS(EmployeeData[[#This Row],[Age]]<30,"20s",EmployeeData[[#This Row],[Age]]<40,"30s",EmployeeData[[#This Row],[Age]]<50,"40s",EmployeeData[[#This Row],[Age]]<60,"50s",EmployeeData[[#This Row],[Age]]>=60,"60s")} -> 40s | G10: 44744 | H10: 45266 | I10: Resignation | J10: Exited | K10: {=_xlfn.IFS(EmployeeData[[#This Row],[Status]]="Active",_xlfn.DAYS(TODAY(),EmployeeData[[#This Row],[Join Date]]),EmployeeData[[#This Row],[Status]]="Exited",_xlfn.DAYS(EmployeeData[[#This Row],[Exit Date]],EmployeeData[[#This Row],[Join Date]]))} -> 522 | L10: {=_xlfn.IFS(EmployeeData[[#This Row],[Status]]="Exited",DATEDIF(EmployeeData[[#This Row],[Join Date]], EmployeeData[[#This Row],[Exit Date]], "Y"),EmployeeData[[#This Row],[Status]]="Active",DATEDIF(EmployeeData[[#This Row],[Join Date]], TODAY(), "Y"))} -> 1 | Q10: {=_xlfn.IFS(EmployeeData[[#This Row],[Status]]="Exited",DATEDIF(EmployeeData[[#This Row],[Join Date]], EmployeeData[[#This Row],[Exit Date]], "Y") & " years " & DATEDIF(EmployeeData[[#This Row],[Join Date]], EmployeeData[[#This Row],[Exit Date]], "YM") & " months " & DATEDIF(EmployeeData[[#This Row],[Join Date]], EmployeeData[[#This Row],[Exit Date]], "MD") & " days",EmployeeData[[#This Row],[Status]]="Active",DATEDIF(EmployeeData[[#This Row],[Join Date]], TODAY(), "Y") & " years " & DATEDIF(EmployeeData[[#This Row],[Join Date]], TODAY(), "YM") & " months " & DATEDIF(EmployeeData[[#This Row],[Join Date]], TODAY(), "MD") & " days")} -> 1 years 5 months 4 days
A11: 1010 | B11: Gloria Chan | C11: IT | D11: Other | E11: 50 | F11: {=_xlfn.IFS(EmployeeData[[#This Row],[Age]]<30,"20s",EmployeeData[[#This Row],[Age]]<40,"30s",EmployeeData[[#This Row],[Age]]<50,"40s",EmployeeData[[#This Row],[Age]]<60,"50s",EmployeeData[[#This Row],[Age]]>=60,"60s")} -> 50s | G11: 43686 | H11: 44786 | I11: Personal Reasons | J11: Exited | K11: {=_xlfn.IFS(EmployeeData[[#This Row],[Status]]="Active",_xlfn.DAYS(TODAY(),EmployeeData[[#This Row],[Join Date]]),EmployeeData[[#This Row],[Status]]="Exited",_xlfn.DAYS(EmployeeData[[#This Row],[Exit Date]],EmployeeData[[#This Row],[Join Date]]))} -> 1100 | L11: {=_xlfn.IFS(EmployeeData[[#This Row],[Status]]="Exited",DATEDIF(EmployeeData[[#This Row],[Join Date]], EmployeeData[[#This Row],[Exit Date]], "Y"),EmployeeData[[#This Row],[Status]]="Active",DATEDIF(EmployeeData[[#This Row],[Join Date]], TODAY(), "Y"))} -> 3 | Q11: {=_xlfn.IFS(EmployeeData[[#This Row],[Status]]="Exited",DATEDIF(EmployeeData[[#This Row],[Join Date]], EmployeeData[[#This Row],[Exit Date]], "Y") & " years " & DATEDIF(EmployeeData[[#This Row],[Join Date]], EmployeeData[[#This Row],[Exit Date]], "YM") & " months " & DATEDIF(EmployeeData[[#This Row],[Join Date]], EmployeeData[[#This Row],[Exit Date]], "MD") & " days",EmployeeData[[#This Row],[Status]]="Active",DATEDIF(EmployeeData[[#This Row],[Join Date]], TODAY(), "Y") & " years " & DATEDIF(EmployeeData[[#This Row],[Join Date]], TODAY(), "YM") & " months " & DATEDIF(EmployeeData[[#This Row],[Join Date]], TODAY(), "MD") & " days")} -> 3 years 0 months 4 days
A12: 1011 | B12: Crisanto Bautista Cueto | C12: IT | D12: Male | E12: 44 | F12: {=_xlfn.IFS(EmployeeData[[#This Row],[Age]]<30,"20s",EmployeeData[[#This Row],[Age]]<40,"30s",EmployeeData[[#This Row],[Age]]<50,"40s",EmployeeData[[#This Row],[Age]]<60,"50s",EmployeeData[[#This Row],[Age]]>=60,"60s")} -> 40s | G12: 43999 | J12: Active | K12: {=_xlfn.IFS(EmployeeData[[#This Row],[Status]]="Active",_xlfn.DAYS(TODAY(),EmployeeData[[#This Row],[Join Date]]),EmployeeData[[#This Row],[Status]]="Exited",_xlfn.DAYS(EmployeeData[[#This Row],[Exit Date]],EmployeeData[[#This Row],[Join Date]]))} -> 2198 | L12: {=_xlfn.IFS(EmployeeData[[#This Row],[Status]]="Exited",DATEDIF(EmployeeData[[#This Row],[Join Date]], EmployeeData[[#This Row],[Exit Date]], "Y"),EmployeeData[[#This Row],[Status]]="Active",DATEDIF(EmployeeData[[#This Row],[Join Date]], TODAY(), "Y"))} -> 6 | Q12: {=_xlfn.IFS(EmployeeData[[#This Row],[Status]]="Exited",DATEDIF(EmployeeData[[#This Row],[Join Date]], EmployeeData[[#This Row],[Exit Date]], "Y") & " years " & DATEDIF(EmployeeData[[#This Row],[Join Date]], EmployeeData[[#This Row],[Exit Date]], "YM") & " months " & DATEDIF(EmployeeData[[#This Row],[Join Date]], EmployeeData[[#This Row],[Exit Date]], "MD") & " days",EmployeeData[[#This Row],[Status]]="Active",DATEDIF(EmployeeData[[#This Row],[Join Date]], TODAY(), "Y") & " years " & DATEDIF(EmployeeData[[#This Row],[Join Date]], TODAY(), "YM") & " months " & DATEDIF(EmployeeData[[#This Row],[Join Date]], TODAY(), "MD") & " days")} -> 6 years 0 months 7 days
A13: 1012 | B13: Teresa Go Salazar | C13: Sales | D13: Female | E13: 31 | F13: {=_xlfn.IFS(EmployeeData[[#This Row],[Age]]<30,"20s",EmployeeData[[#This Row],[Age]]<40,"30s",EmployeeData[[#This Row],[Age]]<50,"40s",EmployeeData[[#This Row],[Age]]<60,"50s",EmployeeData[[#This Row],[Age]]>=60,"60s")} -> 30s | G13: 45888 | J13: Active | K13: {=_xlfn.IFS(EmployeeData[[#This Row],[Status]]="Active",_xlfn.DAYS(TODAY(),EmployeeData[[#This Row],[Join Date]]),EmployeeData[[#This Row],[Status]]="Exited",_xlfn.DAYS(EmployeeData[[#This Row],[Exit Date]],EmployeeData[[#This Row],[Join Date]]))} -> 309 | L13: {=_xlfn.IFS(EmployeeData[[#This Row],[Status]]="Exited",DATEDIF(EmployeeData[[#This Row],[Join Date]], EmployeeData[[#This Row],[Exit Date]], "Y"),EmployeeData[[#This Row],[Status]]="Active",DATEDIF(EmployeeData[[#This Row],[Join Date]], TODAY(), "Y"))} -> 0 | Q13: {=_xlfn.IFS(EmployeeData[[#This Row],[Status]]="Exited",DATEDIF(EmployeeData[[#This Row],[Join Date]], EmployeeData[[#This Row],[Exit Date]], "Y") & " years " & DATEDIF(EmployeeData[[#This Row],[Join Date]], EmployeeData[[#This Row],[Exit Date]], "YM") & " months " & DATEDIF(EmployeeData[[#This Row],[Join Date]], EmployeeData[[#This Row],[Exit Date]], "MD") & " days",EmployeeData[[#This Row],[Status]]="Active",DATEDIF(EmployeeData[[#This Row],[Join Date]], TODAY(), "Y") & " years " & DATEDIF(EmployeeData[[#This Row],[Join Date]], TODAY(), "YM") & " months " & DATEDIF(EmployeeData[[#This Row],[Join Date]], TODAY(), "MD") & " days")} -> 0 years 10 months 5 days
A14: 1013 | B14: Gloria Wong | C14: Marketing | D14: Other | E14: 21 | F14: {=_xlfn.IFS(EmployeeData[[#This Row],[Age]]<30,"20s",EmployeeData[[#This Row],[Age]]<40,"30s",EmployeeData[[#This Row],[Age]]<50,"40s",EmployeeData[[#This Row],[Age]]<60,"50s",EmployeeData[[#This Row],[Age]]>=60,"60s")} -> 20s | G14: 45887 | J14: Active | K14: {=_xlfn.IFS(EmployeeData[[#This Row],[Status]]="Active",_xlfn.DAYS(TODAY(),EmployeeData[[#This Row],[Join Date]]),EmployeeData[[#This Row],[Status]]="Exited",_xlfn.DAYS(EmployeeData[[#This Row],[Exit Date]],EmployeeData[[#This Row],[Join Date]]))} -> 310 | L14: {=_xlfn.IFS(EmployeeData[[#This Row],[Status]]="Exited",DATEDIF(EmployeeData[[#This Row],[Join Date]], EmployeeData[[#This Row],[Exit Date]], "Y"),EmployeeData[[#This Row],[Status]]="Active",DATEDIF(EmployeeData[[#This Row],[Join Date]], TODAY(), "Y"))} -> 0 | Q14: {=_xlfn.IFS(EmployeeData[[#This Row],[Status]]="Exited",DATEDIF(EmployeeData[[#This Row],[Join Date]], EmployeeData[[#This Row],[Exit Date]], "Y") & " years " & DATEDIF(EmployeeData[[#This Row],[Join Date]], EmployeeData[[#This Row],[Exit Date]], "YM") & " months " & DATEDIF(EmployeeData[[#This Row],[Join Date]], EmployeeData[[#This Row],[Exit Date]], "MD") & " days",EmployeeData[[#This Row],[Status]]="Active",DATEDIF(EmployeeData[[#This Row],[Join Date]], TODAY(), "Y") & " years " & DATEDIF(EmployeeData[[#This Row],[Join Date]], TODAY(), "YM") & " months " & DATEDIF(EmployeeData[[#This Row],[Join Date]], TODAY(), "MD") & " days")} -> 0 years 10 months 6 days
A15: 1014 | B15: Jacqueline Bagtas | C15: IT | D15: Female | E15: 31 | F15: {=_xlfn.IFS(EmployeeData[[#This Row],[Age]]<30,"20s",EmployeeData[[#This Row],[Age]]<40,"30s",EmployeeData[[#This Row],[Age]]<50,"40s",EmployeeData[[#This Row],[Age]]<60,"50s",EmployeeData[[#This Row],[Age]]>=60,"60s")} -> 30s | G15: 44959 | H15: 45588 | I15: Contract End | J15: Exited | K15: {=_xlfn.IFS(EmployeeData[[#This Row],[Status]]="Active",_xlfn.DAYS(TODAY(),EmployeeData[[#This Row],[Join Date]]),EmployeeData[[#This Row],[Status]]="Exited",_xlfn.DAYS(EmployeeData[[#This Row],[Exit Date]],EmployeeData[[#This Row],[Join Date]]))} -> 629 | L15: {=_xlfn.IFS(EmployeeData[[#This Row],[Status]]="Exited",DATEDIF(EmployeeData[[#This Row],[Join Date]], EmployeeData[[#This Row],[Exit Date]], "Y"),EmployeeData[[#This Row],[Status]]="Active",DATEDIF(EmployeeData[[#This Row],[Join Date]], TODAY(), "Y"))} -> 1 | Q15: {=_xlfn.IFS(EmployeeData[[#This Row],[Status]]="Exited",DATEDIF(EmployeeData[[#This Row],[Join Date]], EmployeeData[[#This Row],[Exit Date]], "Y") & " years " & DATEDIF(EmployeeData[[#This Row],[Join Date]], EmployeeData[[#This Row],[Exit Date]], "YM") & " months " & DATEDIF(EmployeeData[[#This Row],[Join Date]], EmployeeData[[#This Row],[Exit Date]], "MD") & " days",EmployeeData[[#This Row],[Status]]="Active",DATEDIF(EmployeeData[[#This Row],[Join Date]], TODAY(), "Y") & " years " & DATEDIF(EmployeeData[[#This Row],[Join Date]], TODAY(), "YM") & " months " & DATEDIF(EmployeeData[[#This Row],[Join Date]], TODAY(), "MD") & " days")} -> 1 years 8 months 21 days
A16: 1015 | B16: Paz Elegado | C16: Sales | D16: Female | E16: 53 | F16: {=_xlfn.IFS(EmployeeData[[#This Row],[Age]]<30,"20s",EmployeeData[[#This Row],[Age]]<40,"30s",EmployeeData[[#This Row],[Age]]<50,"40s",EmployeeData[[#This Row],[Age]]<60,"50s",EmployeeData[[#This Row],[Age]]>=60,"60s")} -> 50s | G16: 45595 | H16: 45876 | I16: Personal Reasons | J16: Exited | K16: {=_xlfn.IFS(EmployeeData[[#This Row],[Status]]="Active",_xlfn.DAYS(TODAY(),EmployeeData[[#This Row],[Join Date]]),EmployeeData[[#This Row],[Status]]="Exited",_xlfn.DAYS(EmployeeData[[#This Row],[Exit Date]],EmployeeData[[#This Row],[Join Date]]))} -> 281 | L16: {=_xlfn.IFS(EmployeeData[[#This Row],[Status]]="Exited",DATEDIF(EmployeeData[[#This Row],[Join Date]], EmployeeData[[#This Row],[Exit Date]], "Y"),EmployeeData[[#This Row],[Status]]="Active",DATEDIF(EmployeeData[[#This Row],[Join Date]], TODAY(), "Y"))} -> 0 | Q16: {=_xlfn.IFS(EmployeeData[[#This Row],[Status]]="Exited",DATEDIF(EmployeeData[[#This Row],[Join Date]], EmployeeData[[#This Row],[Exit Date]], "Y") & " years " & DATEDIF(EmployeeData[[#This Row],[Join Date]], EmployeeData[[#This Row],[Exit Date]], "YM") & " months " & DATEDIF(EmployeeData[[#This Row],[Join Date]], EmployeeData[[#This Row],[Exit Date]], "MD") & " days",EmployeeData[[#This Row],[Status]]="Active",DATEDIF(EmployeeData[[#This Row],[Join Date]], TODAY(), "Y") & " years " & DATEDIF(EmployeeData[[#This Row],[Join Date]], TODAY(), "YM") & " months " & DATEDIF(EmployeeData[[#This Row],[Join Date]], TODAY(), "MD") & " days")} -> 0 years 9 months 8 days
A17: 1016 | B17: Christian Garcia Sy | C17: Marketing | D17: Male | E17: 28 | F17: {=_xlfn.IFS(EmployeeData[[#This Row],[Age]]<30,"20s",EmployeeData[[#This Row],[Age]]<40,"30s",EmployeeData[[#This Row],[Age]]<50,"40s",EmployeeData[[#This Row],[Age]]<60,"50s",EmployeeData[[#This Row],[Age]]>=60,"60s")} -> 20s | G17: 44587 | J17: Active | K17: {=_xlfn.IFS(EmployeeData[[#This Row],[Status]]="Active",_xlfn.DAYS(TODAY(),EmployeeData[[#This Row],[Join Date]]),EmployeeData[[#This Row],[Status]]="Exited",_xlfn.DAYS(EmployeeData[[#This Row],[Exit Date]],EmployeeData[[#This Row],[Join Date]]))} -> 1610 | L17: {=_xlfn.IFS(EmployeeData[[#This Row],[Status]]="Exited",DATEDIF(EmployeeData[[#This Row],[Join Date]], EmployeeData[[#This Row],[Exit Date]], "Y"),EmployeeData[[#This Row],[Status]]="Active",DATEDIF(EmployeeData[[#This Row],[Join Date]], TODAY(), "Y"))} -> 4 | Q17: {=_xlfn.IFS(EmployeeData[[#This Row],[Status]]="Exited",DATEDIF(EmployeeData[[#This Row],[Join Date]], EmployeeData[[#This Row],[Exit Date]], "Y") & " years " & DATEDIF(EmployeeData[[#This Row],[Join Date]], EmployeeData[[#This Row],[Exit Date]], "YM") & " months " & DATEDIF(EmployeeData[[#This Row],[Join Date]], EmployeeData[[#This Row],[Exit Date]], "MD") & " days",EmployeeData[[#This Row],[Status]]="Active",DATEDIF(EmployeeData[[#This Row],[Join Date]], TODAY(), "Y") & " years " & DATEDIF(EmployeeData[[#This Row],[Join Date]], TODAY(), "YM") & " months " & DATEDIF(EmployeeData[[#This Row],[Join Date]], TODAY(), "MD") & " days")} -> 4 years 4 months 29 days
A18: 1017 | B18: Bernardo Lopez Delos Reyes | C18: Customer Support | D18: Male | E18: 25 | F18: {=_xlfn.IFS(EmployeeData[[#This Row],[Age]]<30,"20s",EmployeeData[[#This Row],[Age]]<40,"30s",EmployeeData[[#This Row],[Age]]<50,"40s",EmployeeData[[#This Row],[Age]]<60,"50s",EmployeeData[[#This Row],[Age]]>=60,"60s")} -> 20s | G18: 45282 | J18: Active | K18: {=_xlfn.IFS(EmployeeData[[#This Row],[Status]]="Active",_xlfn.DAYS(TODAY(),EmployeeData[[#This Row],[Join Date]]),EmployeeData[[#This Row],[Status]]="Exited",_xlfn.DAYS(EmployeeData[[#This Row],[Exit Date]],EmployeeData[[#This Row],[Join Date]]))} -> 915 | L18: {=_xlfn.IFS(EmployeeData[[#This Row],[Status]]="Exited",DATEDIF(EmployeeData[[#This Row],[Join Date]], EmployeeData[[#This Row],[Exit Date]], "Y"),EmployeeData[[#This Row],[Status]]="Active",DATEDIF(EmployeeData[[#This Row],[Join Date]], TODAY(), "Y"))} -> 2 | Q18: {=_xlfn.IFS(EmployeeData[[#This Row],[Status]]="Exited",DATEDIF(EmployeeData[[#This Row],[Join Date]], EmployeeData[[#This Row],[Exit Date]], "Y") & " years " & DATEDIF(EmployeeData[[#This Row],[Join Date]], EmployeeData[[#This Row],[Exit Date]], "YM") & " months " & DATEDIF(EmployeeData[[#This Row],[Join Date]], EmployeeData[[#This Row],[Exit Date]], "MD") & " days",EmployeeData[[#This Row],[Status]]="Active",DATEDIF(EmployeeData[[#This Row],[Join Date]], TODAY(), "Y") & " years " & DATEDIF(EmployeeData[[#This Row],[Join Date]], TODAY(), "YM") & " months " & DATEDIF(EmployeeData[[#This Row],[Join Date]], TODAY(), "MD") & " days")} -> 2 years 6 months 2 days
A19: 1018 | B19: Miguel Santiago Miranda | C19: IT | D19: Other | E19: 48 | F19: {=_xlfn.IFS(EmployeeData[[#This Row],[Age]]<30,"20s",EmployeeData[[#This Row],[Age]]<40,"30s",EmployeeData[[#This Row],[Age]]<50,"40s",EmployeeData[[#This Row],[Age]]<60,"50s",EmployeeData[[#This Row],[Age]]>=60,"60s")} -> 40s | G19: 43968 | J19: Active | K19: {=_xlfn.IFS(EmployeeData[[#This Row],[Status]]="Active",_xlfn.DAYS(TODAY(),EmployeeData[[#This Row],[Join Date]]),EmployeeData[[#This Row],[Status]]="Exited",_xlfn.DAYS(EmployeeData[[#This Row],[Exit Date]],EmployeeData[[#This Row],[Join Date]]))} -> 2229 | L19: {=_xlfn.IFS(EmployeeData[[#This Row],[Status]]="Exited",DATEDIF(EmployeeData[[#This Row],[Join Date]], EmployeeData[[#This Row],[Exit Date]], "Y"),EmployeeData[[#This Row],[Status]]="Active",DATEDIF(EmployeeData[[#This Row],[Join Date]], TODAY(), "Y"))} -> 6 | Q19: {=_xlfn.IFS(EmployeeData[[#This Row],[Status]]="Exited",DATEDIF(EmployeeData[[#This Row],[Join Date]], EmployeeData[[#This Row],[Exit Date]], "Y") & " years " & DATEDIF(EmployeeData[[#This Row],[Join Date]], EmployeeData[[#This Row],[Exit Date]], "YM") & " months " & DATEDIF(EmployeeData[[#This Row],[Join Date]], EmployeeData[[#This Row],[Exit Date]], "MD") & " days",EmployeeData[[#This Row],[Status]]="Active",DATEDIF(EmployeeData[[#This Row],[Join Date]], TODAY(), "Y") & " years " & DATEDIF(EmployeeData[[#This Row],[Join Date]], TODAY(), "YM") & " months " & DATEDIF(EmployeeData[[#This Row],[Join Date]], TODAY(), "MD") & " days")} -> 6 years 1 months 7 days
A20: 1019 | B20: Pete Santos Lim | C20: IT | D20: Male | E20: 28 | F20: {=_xlfn.IFS(EmployeeData[[#This Row],[Age]]<30,"20s",EmployeeData[[#This Row],[Age]]<40,"30s",EmployeeData[[#This Row],[Age]]<50,"40s",EmployeeData[[#This Row],[Age]]<60,"50s",EmployeeData[[#This Row],[Age]]>=60,"60s")} -> 20s | G20: 44116 | H20: 44898 | I20: Better Opportunity | J20: Exited | K20: {=_xlfn.IFS(EmployeeData[[#This Row],[Status]]="Active",_xlfn.DAYS(TODAY(),EmployeeData[[#This Row],[Join Date]]),EmployeeData[[#This Row],[Status]]="Exited",_xlfn.DAYS(EmployeeData[[#This Row],[Exit Date]],EmployeeData[[#This Row],[Join Date]]))} -> 782 | L20: {=_xlfn.IFS(EmployeeData[[#This Row],[Status]]="Exited",DATEDIF(EmployeeData[[#This Row],[Join Date]], EmployeeData[[#This Row],[Exit Date]], "Y"),EmployeeData[[#This Row],[Status]]="Active",DATEDIF(EmployeeData[[#This Row],[Join Date]], TODAY(), "Y"))} -> 2 | Q20: {=_xlfn.IFS(EmployeeData[[#This Row],[Status]]="Exited",DATEDIF(EmployeeData[[#This Row],[Join Date]], EmployeeData[[#This Row],[Exit Date]], "Y") & " years " & DATEDIF(EmployeeData[[#This Row],[Join Date]], EmployeeData[[#This Row],[Exit Date]], "YM") & " months " & DATEDIF(EmployeeData[[#This Row],[Join Date]], EmployeeData[[#This Row],[Exit Date]], "MD") & " days",EmployeeData[[#This Row],[Status]]="Active",DATEDIF(EmployeeData[[#This Row],[Join Date]], TODAY(), "Y") & " years " & DATEDIF(EmployeeData[[#This Row],[Join Date]], TODAY(), "YM") & " months " & DATEDIF(EmployeeData[[#This Row],[Join Date]], TODAY(), "MD") & " days")} -> 2 years 1 months 21 days
A21: 1020 | B21: Francis Aguilar Villanueva | C21: Customer Support | D21: Male | E21: 35 | F21: {=_xlfn.IFS(EmployeeData[[#This Row],[Age]]<30,"20s",EmployeeData[[#This Row],[Age]]<40,"30s",EmployeeData[[#This Row],[Age]]<50,"40s",EmployeeData[[#This Row],[Age]]<60,"50s",EmployeeData[[#This Row],[Age]]>=60,"60s")} -> 30s | G21: 43377 | J21: Active | K21: {=_xlfn.IFS(EmployeeData[[#This Row],[Status]]="Active",_xlfn.DAYS(TODAY(),EmployeeData[[#This Row],[Join Date]]),EmployeeData[[#This Row],[Status]]="Exited",_xlfn.DAYS(EmployeeData[[#This Row],[Exit Date]],EmployeeData[[#This Row],[Join Date]]))} -> 2820 | L21: {=_xlfn.IFS(EmployeeData[[#This Row],[Status]]="Exited",DATEDIF(EmployeeData[[#This Row],[Join Date]], EmployeeData[[#This Row],[Exit Date]], "Y"),EmployeeData[[#This Row],[Status]]="Active",DATEDIF(EmployeeData[[#This Row],[Join Date]], TODAY(), "Y"))} -> 7 | Q21: {=_xlfn.IFS(EmployeeData[[#This Row],[Status]]="Exited",DATEDIF(EmployeeData[[#This Row],[Join Date]], EmployeeData[[#This Row],[Exit Date]], "Y") & " years " & DATEDIF(EmployeeData[[#This Row],[Join Date]], EmployeeData[[#This Row],[Exit Date]], "YM") & " months " & DATEDIF(EmployeeData[[#This Row],[Join Date]], EmployeeData[[#This Row],[Exit Date]], "MD") & " days",EmployeeData[[#This Row],[Status]]="Active",DATEDIF(EmployeeData[[#This Row],[Join Date]], TODAY(), "Y") & " years " & DATEDIF(EmployeeData[[#This Row],[Join Date]], TODAY(), "YM") & " months " & DATEDIF(EmployeeData[[#This Row],[Join Date]], TODAY(), "MD") & " days")} -> 7 years 8 months 20 days
A22: 1021 | B22: Teresita Tuazon | C22: HR | D22: Female | E22: 29 | F22: {=_xlfn.IFS(EmployeeData[[#This Row],[Age]]<30,"20s",EmployeeData[[#This Row],[Age]]<40,"30s",EmployeeData[[#This Row],[Age]]<50,"40s",EmployeeData[[#This Row],[Age]]<60,"50s",EmployeeData[[#This Row],[Age]]>=60,"60s")} -> 20s | G22: 45439 | J22: Active | K22: {=_xlfn.IFS(EmployeeData[[#This Row],[Status]]="Active",_xlfn.DAYS(TODAY(),EmployeeData[[#This Row],[Join Date]]),EmployeeData[[#This Row],[Status]]="Exited",_xlfn.DAYS(EmployeeData[[#This Row],[Exit Date]],EmployeeData[[#This Row],[Join Date]]))} -> 758 | L22: {=_xlfn.IFS(EmployeeData[[#This Row],[Status]]="Exited",DATEDIF(EmployeeData[[#This Row],[Join Date]], EmployeeData[[#This Row],[Exit Date]], "Y"),EmployeeData[[#This Row],[Status]]="Active",DATEDIF(EmployeeData[[#This Row],[Join Date]], TODAY(), "Y"))} -> 2 | Q22: {=_xlfn.IFS(EmployeeData[[#This Row],[Status]]="Exited",DATEDIF(EmployeeData[[#This Row],[Join Date]], EmployeeData[[#This Row],[Exit Date]], "Y") & " years " & DATEDIF(EmployeeData[[#This Row],[Join Date]], EmployeeData[[#This Row],[Exit Date]], "YM") & " months " & DATEDIF(EmployeeData[[#This Row],[Join Date]], EmployeeData[[#This Row],[Exit Date]], "MD") & " days",EmployeeData[[#This Row],[Status]]="Active",DATEDIF(EmployeeData[[#This Row],[Join Date]], TODAY(), "Y") & " years " & DATEDIF(EmployeeData[[#This Row],[Join Date]], TODAY(), "YM") & " months " & DATEDIF(EmployeeData[[#This Row],[Join Date]], TODAY(), "MD") & " days")} -> 2 years 0 months 28 days
A23: 1022 | B23: Fe Mendoza Dela Torre | C23: Customer Support | D23: Female | E23: 48 | F23: {=_xlfn.IFS(EmployeeData[[#This Row],[Age]]<30,"20s",EmployeeData[[#This Row],[Age]]<40,"30s",EmployeeData[[#This Row],[Age]]<50,"40s",EmployeeData[[#This Row],[Age]]<60,"50s",EmployeeData[[#This Row],[Age]]>=60,"60s")} -> 40s | G23: 44552 | J23: Active | K23: {=_xlfn.IFS(EmployeeData[[#This Row],[Status]]="Active",_xlfn.DAYS(TODAY(),EmployeeData[[#This Row],[Join Date]]),EmployeeData[[#This Row],[Status]]="Exited",_xlfn.DAYS(EmployeeData[[#This Row],[Exit Date]],EmployeeData[[#This Row],[Join Date]]))} -> 1645 | L23: {=_xlfn.IFS(EmployeeData[[#This Row],[Status]]="Exited",DATEDIF(EmployeeData[[#This Row],[Join Date]], EmployeeData[[#This Row],[Exit Date]], "Y"),EmployeeData[[#This Row],[Status]]="Active",DATEDIF(EmployeeData[[#This Row],[Join Date]], TODAY(), "Y"))} -> 4 | Q23: {=_xlfn.IFS(EmployeeData[[#This Row],[Status]]="Exited",DATEDIF(EmployeeData[[#This Row],[Join Date]], EmployeeData[[#This Row],[Exit Date]], "Y") & " years " & DATEDIF(EmployeeData[[#This Row],[Join Date]], EmployeeData[[#This Row],[Exit Date]], "YM") & " months " & DATEDIF(EmployeeData[[#This Row],[Join Date]], EmployeeData[[#This Row],[Exit Date]], "MD") & " days",EmployeeData[[#This Row],[Status]]="Active",DATEDIF(EmployeeData[[#This Row],[Join Date]], TODAY(), "Y") & " years " & DATEDIF(EmployeeData[[#This Row],[Join Date]], TODAY(), "YM") & " months " & DATEDIF(EmployeeData[[#This Row],[Join Date]], TODAY(), "MD") & " days")} -> 4 years 6 months 2 days
A24: 1023 | B24: Rosa Mercado Navarro | C24: Customer Support | D24: Other | E24: 27 | F24: {=_xlfn.IFS(EmployeeData[[#This Row],[Age]]<30,"20s",EmployeeData[[#This Row],[Age]]<40,"30s",EmployeeData[[#This Row],[Age]]<50,"40s",EmployeeData[[#This Row],[Age]]<60,"50s",EmployeeData[[#This Row],[Age]]>=60,"60s")} -> 20s | G24: 44119 | H24: 45307 | I24: Termination | J24: Exited | K24: {=_xlfn.IFS(EmployeeData[[#This Row],[Status]]="Active",_xlfn.DAYS(TODAY(),EmployeeData[[#This Row],[Join Date]]),EmployeeData[[#This Row],[Status]]="Exited",_xlfn.DAYS(EmployeeData[[#This Row],[Exit Date]],EmployeeData[[#This Row],[Join Date]]))} -> 1188 | L24: {=_xlfn.IFS(EmployeeData[[#This Row],[Status]]="Exited",DATEDIF(EmployeeData[[#This Row],[Join Date]], EmployeeData[[#This Row],[Exit Date]], "Y"),EmployeeData[[#This Row],[Status]]="Active",DATEDIF(EmployeeData[[#This Row],[Join Date]], TODAY(), "Y"))} -> 3 | Q24: {=_xlfn.IFS(EmployeeData[[#This Row],[Status]]="Exited",DATEDIF(EmployeeData[[#This Row],[Join Date]], EmployeeData[[#This Row],[Exit Date]], "Y") & " years " & DATEDIF(EmployeeData[[#This Row],[Join Date]], EmployeeData[[#This Row],[Exit Date]], "YM") & " months " & DATEDIF(EmployeeData[[#This Row],[Join Date]], EmployeeData[[#This Row],[Exit Date]], "MD") & " days",EmployeeData[[#This Row],[Status]]="Active",DATEDIF(EmployeeData[[#This Row],[Join Date]], TODAY(), "Y") & " years " & DATEDIF(EmployeeData[[#This Row],[Join Date]], TODAY(), "YM") & " months " & DATEDIF(EmployeeData[[#This Row],[Join Date]], TODAY(), "MD") & " days")} -> 3 years 3 months 1 days
A25: 1024 | B25: Rosalinda Chan Pascual | C25: Sales | D25: Female | E25: 56 | F25: {=_xlfn.IFS(EmployeeData[[#This Row],[Age]]<30,"20s",EmployeeData[[#This Row],[Age]]<40,"30s",EmployeeData[[#This Row],[Age]]<50,"40s",EmployeeData[[#This Row],[Age]]<60,"50s",EmployeeData[[#This Row],[Age]]>=60,"60s")} -> 50s | G25: 43502 | H25: 43652 | I25: Contract End | J25: Exited | K25: {=_xlfn.IFS(EmployeeData[[#This Row],[Status]]="Active",_xlfn.DAYS(TODAY(),EmployeeData[[#This Row],[Join Date]]),EmployeeData[[#This Row],[Status]]="Exited",_xlfn.DAYS(EmployeeData[[#This Row],[Exit Date]],EmployeeData[[#This Row],[Join Date]]))} -> 150 | L25: {=_xlfn.IFS(EmployeeData[[#This Row],[Status]]="Exited",DATEDIF(EmployeeData[[#This Row],[Join Date]], EmployeeData[[#This Row],[Exit Date]], "Y"),EmployeeData[[#This Row],[Status]]="Active",DATEDIF(EmployeeData[[#This Row],[Join Date]], TODAY(), "Y"))} -> 0 | Q25: {=_xlfn.IFS(EmployeeData[[#This Row],[Status]]="Exited",DATEDIF(EmployeeData[[#This Row],[Join Date]], EmployeeData[[#This Row],[Exit Date]], "Y") & " years " & DATEDIF(EmployeeData[[#This Row],[Join Date]], EmployeeData[[#This Row],[Exit Date]], "YM") & " months " & DATEDIF(EmployeeData[[#This Row],[Join Date]], EmployeeData[[#This Row],[Exit Date]], "MD") & " days",EmployeeData[[#This Row],[Status]]="Active",DATEDIF(EmployeeData[[#This Row],[Join Date]], TODAY(), "Y") & " years " & DATEDIF(EmployeeData[[#This Row],[Join Date]], TODAY(), "YM") & " months " & DATEDIF(EmployeeData[[#This Row],[Join Date]], TODAY(), "MD") & " days")} -> 0 years 5 months 0 days
A26: 1025 | B26: Wilfredo Estrada | C26: Customer Support | D26: Male | E26: 64 | F26: {=_xlfn.IFS(EmployeeData[[#This Row],[Age]]<30,"20s",EmployeeData[[#This Row],[Age]]<40,"30s",EmployeeData[[#This Row],[Age]]<50,"40s",EmployeeData[[#This Row],[Age]]<60,"50s",EmployeeData[[#This Row],[Age]]>=60,"60s")} -> 60s | G26: 43775 | H26: 45464 | I26: Retirement | J26: Exited | K26: {=_xlfn.IFS(EmployeeData[[#This Row],[Status]]="Active",_xlfn.DAYS(TODAY(),EmployeeData[[#This Row],[Join Date]]),EmployeeData[[#This Row],[Status]]="Exited",_xlfn.DAYS(EmployeeData[[#This Row],[Exit Date]],EmployeeData[[#This Row],[Join Date]]))} -> 1689 | L26: {=_xlfn.IFS(EmployeeData[[#This Row],[Status]]="Exited",DATEDIF(EmployeeData[[#This Row],[Join Date]], EmployeeData[[#This Row],[Exit Date]], "Y"),EmployeeData[[#This Row],[Status]]="Active",DATEDIF(EmployeeData[[#This Row],[Join Date]], TODAY(), "Y"))} -> 4 | Q26: {=_xlfn.IFS(EmployeeData[[#This Row],[Status]]="Exited",DATEDIF(EmployeeData[[#This Row],[Join Date]], EmployeeData[[#This Row],[Exit Date]], "Y") & " years " & DATEDIF(EmployeeData[[#This Row],[Join Date]], EmployeeData[[#This Row],[Exit Date]], "YM") & " months " & DATEDIF(EmployeeData[[#This Row],[Join Date]], EmployeeData[[#This Row],[Exit Date]], "MD") & " days",EmployeeData[[#This Row],[Status]]="Active",DATEDIF(EmployeeData[[#This Row],[Join Date]], TODAY(), "Y") & " years " & DATEDIF(EmployeeData[[#This Row],[Join Date]], TODAY(), "YM") & " months " & DATEDIF(EmployeeData[[#This Row],[Join Date]], TODAY(), "MD") & " days")} -> 4 years 7 months 15 days
A27: 1026 | B27: Lourdes Navarro San Pedro | C27: HR | D27: Other | E27: 52 | F27: {=_xlfn.IFS(EmployeeData[[#This Row],[Age]]<30,"20s",EmployeeData[[#This Row],[Age]]<40,"30s",EmployeeData[[#This Row],[Age]]<50,"40s",EmployeeData[[#This Row],[Age]]<60,"50s",EmployeeData[[#This Row],[Age]]>=60,"60s")} -> 50s | G27: 43735 | H27: 44716 | I27: Contract End | J27: Exited | K27: {=_xlfn.IFS(EmployeeData[[#This Row],[Status]]="Active",_xlfn.DAYS(TODAY(),EmployeeData[[#This Row],[Join Date]]),EmployeeData[[#This Row],[Status]]="Exited",_xlfn.DAYS(EmployeeData[[#This Row],[Exit Date]],EmployeeData[[#This Row],[Join Date]]))} -> 981 | L27: {=_xlfn.IFS(EmployeeData[[#This Row],[Status]]="Exited",DATEDIF(EmployeeData[[#This Row],[Join Date]], EmployeeData[[#This Row],[Exit Date]], "Y"),EmployeeData[[#This Row],[Status]]="Active",DATEDIF(EmployeeData[[#This Row],[Join Date]], TODAY(), "Y"))} -> 2 | Q27: {=_xlfn.IFS(EmployeeData[[#This Row],[Status]]="Exited",DATEDIF(EmployeeData[[#This Row],[Join Date]], EmployeeData[[#This Row],[Exit Date]], "Y") & " years " & DATEDIF(EmployeeData[[#This Row],[Join Date]], EmployeeData[[#This Row],[Exit Date]], "YM") & " months " & DATEDIF(EmployeeData[[#This Row],[Join Date]], EmployeeData[[#This Row],[Exit Date]], "MD") & " days",EmployeeData[[#This Row],[Status]]="Active",DATEDIF(EmployeeData[[#This Row],[Join Date]], TODAY(), "Y") & " years " & DATEDIF(EmployeeData[[#This Row],[Join Date]], TODAY(), "YM") & " months " & DATEDIF(EmployeeData[[#This Row],[Join Date]], TODAY(), "MD") & " days")} -> 2 years 8 months 8 days
A28: 1027 | B28: Ismael Mercado Aquino | C28: Customer Support | D28: Male | E28: 53 | F28: {=_xlfn.IFS(EmployeeData[[#This Row],[Age]]<30,"20s",EmployeeData[[#This Row],[Age]]<40,"30s",EmployeeData[[#This Row],[Age]]<50,"40s",EmployeeData[[#This Row],[Age]]<60,"50s",EmployeeData[[#This Row],[Age]]>=60,"60s")} -> 50s | G28: 45276 | H28: 45886 | I28: Better Opportunity | J28: Exited | K28: {=_xlfn.IFS(EmployeeData[[#This Row],[Status]]="Active",_xlfn.DAYS(TODAY(),EmployeeData[[#This Row],[Join Date]]),EmployeeData[[#This Row],[Status]]="Exited",_xlfn.DAYS(EmployeeData[[#This Row],[Exit Date]],EmployeeData[[#This Row],[Join Date]]))} -> 610 | L28: {=_xlfn.IFS(EmployeeData[[#This Row],[Status]]="Exited",DATEDIF(EmployeeData[[#This Row],[Join Date]], EmployeeData[[#This Row],[Exit Date]], "Y"),EmployeeData[[#This Row],[Status]]="Active",DATEDIF(EmployeeData[[#This Row],[Join Date]], TODAY(), "Y"))} -> 1 | Q28: {=_xlfn.IFS(EmployeeData[[#This Row],[Status]]="Exited",DATEDIF(EmployeeData[[#This Row],[Join Date]], EmployeeData[[#This Row],[Exit Date]], "Y") & " years " & DATEDIF(EmployeeData[[#This Row],[Join Date]], EmployeeData[[#This Row],[Exit Date]], "YM") & " months " & DATEDIF(EmployeeData[[#This Row],[Join Date]], EmployeeData[[#This Row],[Exit Date]], "MD") & " days",EmployeeData[[#This Row],[Status]]="Active",DATEDIF(EmployeeData[[#This Row],[Join Date]], TODAY(), "Y") & " years " & DATEDIF(EmployeeData[[#This Row],[Join Date]], TODAY(), "YM") & " months " & DATEDIF(EmployeeData[[#This Row],[Join Date]], TODAY(), "MD") & " days")} -> 1 years 8 months 1 days
A29: 1028 | B29: Jamie Navarro Trinidad | C29: IT | D29: Other | E29: 57 | F29: {=_xlfn.IFS(EmployeeData[[#This Row],[Age]]<30,"20s",EmployeeData[[#This Row],[Age]]<40,"30s",EmployeeData[[#This Row],[Age]]<50,"40s",EmployeeData[[#This Row],[Age]]<60,"50s",EmployeeData[[#This Row],[Age]]>=60,"60s")} -> 50s | G29: 44109 | J29: Active | K29: {=_xlfn.IFS(EmployeeData[[#This Row],[Status]]="Active",_xlfn.DAYS(TODAY(),EmployeeData[[#This Row],[Join Date]]),EmployeeData[[#This Row],[Status]]="Exited",_xlfn.DAYS(EmployeeData[[#This Row],[Exit Date]],EmployeeData[[#This Row],[Join Date]]))} -> 2088 | L29: {=_xlfn.IFS(EmployeeData[[#This Row],[Status]]="Exited",DATEDIF(EmployeeData[[#This Row],[Join Date]], EmployeeData[[#This Row],[Exit Date]], "Y"),EmployeeData[[#This Row],[Status]]="Active",DATEDIF(EmployeeData[[#This Row],[Join Date]], TODAY(), "Y"))} -> 5 | Q29: {=_xlfn.IFS(EmployeeData[[#This Row],[Status]]="Exited",DATEDIF(EmployeeData[[#This Row],[Join Date]], EmployeeData[[#This Row],[Exit Date]], "Y") & " years " & DATEDIF(EmployeeData[[#This Row],[Join Date]], EmployeeData[[#This Row],[Exit Date]], "YM") & " months " & DATEDIF(EmployeeData[[#This Row],[Join Date]], EmployeeData[[#This Row],[Exit Date]], "MD") & " days",EmployeeData[[#This Row],[Status]]="Active",DATEDIF(EmployeeData[[#This Row],[Join Date]], TODAY(), "Y") & " years " & DATEDIF(EmployeeData[[#This Row],[Join Date]], TODAY(), "YM") & " months " & DATEDIF(EmployeeData[[#This Row],[Join Date]], TODAY(), "MD") & " days")} -> 5 years 8 months 19 days
A30: 1029 | B30: Faith Ocampo Roque | C30: Finance | D30: Female | E30: 41 | F30: {=_xlfn.IFS(EmployeeData[[#This Row],[Age]]<30,"20s",EmployeeData[[#This Row],[Age]]<40,"30s",EmployeeData[[#This Row],[Age]]<50,"40s",EmployeeData[[#This Row],[Age]]<60,"50s",EmployeeData[[#This Row],[Age]]>=60,"60s")} -> 40s | G30: 44078 | H30: 44436 | I30: Relocation | J30: Exited | K30: {=_xlfn.IFS(EmployeeData[[#This Row],[Status]]="Active",_xlfn.DAYS(TODAY(),EmployeeData[[#This Row],[Join Date]]),EmployeeData[[#This Row],[Status]]="Exited",_xlfn.DAYS(EmployeeData[[#This Row],[Exit Date]],EmployeeData[[#This Row],[Join Date]]))} -> 358 | L30: {=_xlfn.IFS(EmployeeData[[#This Row],[Status]]="Exited",DATEDIF(EmployeeData[[#This Row],[Join Date]], EmployeeData[[#This Row],[Exit Date]], "Y"),EmployeeData[[#This Row],[Status]]="Active",DATEDIF(EmployeeData[[#This Row],[Join Date]], TODAY(), "Y"))} -> 0 | Q30: {=_xlfn.IFS(EmployeeData[[#This Row],[Status]]="Exited",DATEDIF(EmployeeData[[#This Row],[Join Date]], EmployeeData[[#This Row],[Exit Date]], "Y") & " years " & DATEDIF(EmployeeData[[#This Row],[Join Date]], EmployeeData[[#This Row],[Exit Date]], "YM") & " months " & DATEDIF(EmployeeData[[#This Row],[Join Date]], EmployeeData[[#This Row],[Exit Date]], "MD") & " days",EmployeeData[[#This Row],[Status]]="Active",DATEDIF(EmployeeData[[#This Row],[Join Date]], TODAY(), "Y") & " years " & DATEDIF(EmployeeData[[#This Row],[Join Date]], TODAY(), "YM") & " months " & DATEDIF(EmployeeData[[#This Row],[Join Date]], TODAY(), "MD") & " days")} -> 0 years 11 months 24 days
A31: 1030 | B31: Bernardo Manalang | C31: Customer Support | D31: Male | E31: 57 | F31: {=_xlfn.IFS(EmployeeData[[#This Row],[Age]]<30,"20s",EmployeeData[[#This Row],[Age]]<40,"30s",EmployeeData[[#This Row],[Age]]<50,"40s",EmployeeData[[#This Row],[Age]]<60,"50s",EmployeeData[[#This Row],[Age]]>=60,"60s")} -> 50s | G31: 43510 | H31: 44473 | I31: Health Issues | J31: Exited | K31: {=_xlfn.IFS(EmployeeData[[#This Row],[Status]]="Active",_xlfn.DAYS(TODAY(),EmployeeData[[#This Row],[Join Date]]),EmployeeData[[#This Row],[Status]]="Exited",_xlfn.DAYS(EmployeeData[[#This Row],[Exit Date]],EmployeeData[[#This Row],[Join Date]]))} -> 963 | L31: {=_xlfn.IFS(EmployeeData[[#This Row],[Status]]="Exited",DATEDIF(EmployeeData[[#This Row],[Join Date]], EmployeeData[[#This Row],[Exit Date]], "Y"),EmployeeData[[#This Row],[Status]]="Active",DATEDIF(EmployeeData[[#This Row],[Join Date]], TODAY(), "Y"))} -> 2 | Q31: {=_xlfn.IFS(EmployeeData[[#This Row],[Status]]="Exited",DATEDIF(EmployeeData[[#This Row],[Join Date]], EmployeeData[[#This Row],[Exit Date]], "Y") & " years " & DATEDIF(EmployeeData[[#This Row],[Join Date]], EmployeeData[[#This Row],[Exit Date]], "YM") & " months " & DATEDIF(EmployeeData[[#This Row],[Join Date]], EmployeeData[[#This Row],[Exit Date]], "MD") & " days",EmployeeData[[#This Row],[Status]]="Active",DATEDIF(EmployeeData[[#This Row],[Join Date]], TODAY(), "Y") & " years " & DATEDIF(EmployeeData[[#This Row],[Join Date]], TODAY(), "YM") & " months " & DATEDIF(EmployeeData[[#This Row],[Join Date]], TODAY(), "MD") & " days")} -> 2 years 7 months 20 days
A32: 1031 | B32: Bryan Solis | C32: Sales | D32: Male | E32: 31 | F32: {=_xlfn.IFS(EmployeeData[[#This Row],[Age]]<30,"20s",EmployeeData[[#This Row],[Age]]<40,"30s",EmployeeData[[#This Row],[Age]]<50,"40s",EmployeeData[[#This Row],[Age]]<60,"50s",EmployeeData[[#This Row],[Age]]>=60,"60s")} -> 30s | G32: 44895 | J32: Active | K32: {=_xlfn.IFS(EmployeeData[[#This Row],[Status]]="Active",_xlfn.DAYS(TODAY(),EmployeeData[[#This Row],[Join Date]]),EmployeeData[[#This Row],[Status]]="Exited",_xlfn.DAYS(EmployeeData[[#This Row],[Exit Date]],EmployeeData[[#This Row],[Join Date]]))} -> 1302 | L32: {=_xlfn.IFS(EmployeeData[[#This Row],[Status]]="Exited",DATEDIF(EmployeeData[[#This Row],[Join Date]], EmployeeData[[#This Row],[Exit Date]], "Y"),EmployeeData[[#This Row],[Status]]="Active",DATEDIF(EmployeeData[[#This Row],[Join Date]], TODAY(), "Y"))} -> 3 | Q32: {=_xlfn.IFS(EmployeeData[[#This Row],[Status]]="Exited",DATEDIF(EmployeeData[[#This Row],[Join Date]], EmployeeData[[#This Row],[Exit Date]], "Y") & " years " & DATEDIF(EmployeeData[[#This Row],[Join Date]], EmployeeData[[#This Row],[Exit Date]], "YM") & " months " & DATEDIF(EmployeeData[[#This Row],[Join Date]], EmployeeData[[#This Row],[Exit Date]], "MD") & " days",EmployeeData[[#This Row],[Status]]="Active",DATEDIF(EmployeeData[[#This Row],[Join Date]], TODAY(), "Y") & " years " & DATEDIF(EmployeeData[[#This Row],[Join Date]], TODAY(), "YM") & " months " & DATEDIF(EmployeeData[[#This Row],[Join Date]], TODAY(), "MD") & " days")} -> 3 years 6 months 25 days
A33: 1032 | B33: Ronaldo Mendoza Ramirez | C33: Sales | D33: Male | E33: 56 | F33: {=_xlfn.IFS(EmployeeData[[#This Row],[Age]]<30,"20s",EmployeeData[[#This Row],[Age]]<40,"30s",EmployeeData[[#This Row],[Age]]<50,"40s",EmployeeData[[#This Row],[Age]]<60,"50s",EmployeeData[[#This Row],[Age]]>=60,"60s")} -> 50s | G33: 44327 | J33: Active | K33: {=_xlfn.IFS(EmployeeData[[#This Row],[Status]]="Active",_xlfn.DAYS(TODAY(),EmployeeData[[#This Row],[Join Date]]),EmployeeData[[#This Row],[Status]]="Exited",_xlfn.DAYS(EmployeeData[[#This Row],[Exit Date]],EmployeeData[[#This Row],[Join Date]]))} -> 1870 | L33: {=_xlfn.IFS(EmployeeData[[#This Row],[Status]]="Exited",DATEDIF(EmployeeData[[#This Row],[Join Date]], EmployeeData[[#This Row],[Exit Date]], "Y"),EmployeeData[[#This Row],[Status]]="Active",DATEDIF(EmployeeData[[#This Row],[Join Date]], TODAY(), "Y"))} -> 5 | Q33: {=_xlfn.IFS(EmployeeData[[#This Row],[Status]]="Exited",DATEDIF(EmployeeData[[#This Row],[Join Date]], EmployeeData[[#This Row],[Exit Date]], "Y") & " years " & DATEDIF(EmployeeData[[#This Row],[Join Date]], EmployeeData[[#This Row],[Exit Date]], "YM") & " months " & DATEDIF(EmployeeData[[#This Row],[Join Date]], EmployeeData[[#This Row],[Exit Date]], "MD") & " days",EmployeeData[[#This Row],[Status]]="Active",DATEDIF(EmployeeData[[#This Row],[Join Date]], TODAY(), "Y") & " years " & DATEDIF(EmployeeData[[#This Row],[Join Date]], TODAY(), "YM") & " months " & DATEDIF(EmployeeData[[#This Row],[Join Date]], TODAY(), "MD") & " days")} -> 5 years 1 months 13 days
A34: 1033 | B34: Abigail Bautista Bagtas | C34: HR | D34: Female | E34: 39 | F34: {=_xlfn.IFS(EmployeeData[[#This Row],[Age]]<30,"20s",EmployeeData[[#This Row],[Age]]<40,"30s",EmployeeData[[#This Row],[Age]]<50,"40s",EmployeeData[[#This Row],[Age]]<60,"50s",EmployeeData[[#This Row],[Age]]>=60,"60s")} -> 30s | G34: 45578 | H34: 46019 | I34: Better Opportunity | J34: Exited | K34: {=_xlfn.IFS(EmployeeData[[#This Row],[Status]]="Active",_xlfn.DAYS(TODAY(),EmployeeData[[#This Row],[Join Date]]),EmployeeData[[#This Row],[Status]]="Exited",_xlfn.DAYS(EmployeeData[[#This Row],[Exit Date]],EmployeeData[[#This Row],[Join Date]]))} -> 441 | L34: {=_xlfn.IFS(EmployeeData[[#This Row],[Status]]="Exited",DATEDIF(EmployeeData[[#This Row],[Join Date]], EmployeeData[[#This Row],[Exit Date]], "Y"),EmployeeData[[#This Row],[Status]]="Active",DATEDIF(EmployeeData[[#This Row],[Join Date]], TODAY(), "Y"))} -> 1 | Q34: {=_xlfn.IFS(EmployeeData[[#This Row],[Status]]="Exited",DATEDIF(EmployeeData[[#This Row],[Join Date]], EmployeeData[[#This Row],[Exit Date]], "Y") & " years " & DATEDIF(EmployeeData[[#This Row],[Join Date]], EmployeeData[[#This Row],[Exit Date]], "YM") & " months " & DATEDIF(EmployeeData[[#This Row],[Join Date]], EmployeeData[[#This Row],[Exit Date]], "MD") & " days",EmployeeData[[#This Row],[Status]]="Active",DATEDIF(EmployeeData[[#This Row],[Join Date]], TODAY(), "Y") & " years " & DATEDIF(EmployeeData[[#This Row],[Join Date]], TODAY(), "YM") & " months " & DATEDIF(EmployeeData[[#This Row],[Join Date]], TODAY(), "MD") & " days")} -> 1 years 2 months 15 days
A35: 1034 | B35: Teodoro Aguilar | C35: Customer Support | D35: Male | E35: 38 | F35: {=_xlfn.IFS(EmployeeData[[#This Row],[Age]]<30,"20s",EmployeeData[[#This Row],[Age]]<40,"30s",EmployeeData[[#This Row],[Age]]<50,"40s",EmployeeData[[#This Row],[Age]]<60,"50s",EmployeeData[[#This Row],[Age]]>=60,"60s")} -> 30s | G35: 43281 | H35: 43906 | I35: Relocation | J35: Exited | K35: {=_xlfn.IFS(EmployeeData[[#This Row],[Status]]="Active",_xlfn.DAYS(TODAY(),EmployeeData[[#This Row],[Join Date]]),EmployeeData[[#This Row],[Status]]="Exited",_xlfn.DAYS(EmployeeData[[#This Row],[Exit Date]],EmployeeData[[#This Row],[Join Date]]))} -> 625 | L35: {=_xlfn.IFS(EmployeeData[[#This Row],[Status]]="Exited",DATEDIF(EmployeeData[[#This Row],[Join Date]], EmployeeData[[#This Row],[Exit Date]], "Y"),EmployeeData[[#This Row],[Status]]="Active",DATEDIF(EmployeeData[[#This Row],[Join Date]], TODAY(), "Y"))} -> 1 | Q35: {=_xlfn.IFS(EmployeeData[[#This Row],[Status]]="Exited",DATEDIF(EmployeeData[[#This Row],[Join Date]], EmployeeData[[#This Row],[Exit Date]], "Y") & " years " & DATEDIF(EmployeeData[[#This Row],[Join Date]], EmployeeData[[#This Row],[Exit Date]], "YM") & " months " & DATEDIF(EmployeeData[[#This Row],[Join Date]], EmployeeData[[#This Row],[Exit Date]], "MD") & " days",EmployeeData[[#This Row],[Status]]="Active",DATEDIF(EmployeeData[[#This Row],[Join Date]], TODAY(), "Y") & " years " & DATEDIF(EmployeeData[[#This Row],[Join Date]], TODAY(), "YM") & " months " & DATEDIF(EmployeeData[[#This Row],[Join Date]], TODAY(), "MD") & " days")} -> 1 years 8 months 15 days
A36: 1035 | B36: Kevin Sy Narvasa | C36: Marketing | D36: Male | E36: 21 | F36: {=_xlfn.IFS(EmployeeData[[#This Row],[Age]]<30,"20s",EmployeeData[[#This Row],[Age]]<40,"30s",EmployeeData[[#This Row],[Age]]<50,"40s",EmployeeData[[#This Row],[Age]]<60,"50s",EmployeeData[[#This Row],[Age]]>=60,"60s")} -> 20s | G36: 43559 | H36: 44259 | I36: Health Issues | J36: Exited | K36: {=_xlfn.IFS(EmployeeData[[#This Row],[Status]]="Active",_xlfn.DAYS(TODAY(),EmployeeData[[#This Row],[Join Date]]),EmployeeData[[#This Row],[Status]]="Exited",_xlfn.DAYS(EmployeeData[[#This Row],[Exit Date]],EmployeeData[[#This Row],[Join Date]]))} -> 700 | L36: {=_xlfn.IFS(EmployeeData[[#This Row],[Status]]="Exited",DATEDIF(EmployeeData[[#This Row],[Join Date]], EmployeeData[[#This Row],[Exit Date]], "Y"),EmployeeData[[#This Row],[Status]]="Active",DATEDIF(EmployeeData[[#This Row],[Join Date]], TODAY(), "Y"))} -> 1 | Q36: {=_xlfn.IFS(EmployeeData[[#This Row],[Status]]="Exited",DATEDIF(EmployeeData[[#This Row],[Join Date]], EmployeeData[[#This Row],[Exit Date]], "Y") & " years " & DATEDIF(EmployeeData[[#This Row],[Join Date]], EmployeeData[[#This Row],[Exit Date]], "YM") & " months " & DATEDIF(EmployeeData[[#This Row],[Join Date]], EmployeeData[[#This Row],[Exit Date]], "MD") & " days",EmployeeData[[#This Row],[Status]]="Active",DATEDIF(EmployeeData[[#This Row],[Join Date]], TODAY(), "Y") & " years " & DATEDIF(EmployeeData[[#This Row],[Join Date]], TODAY(), "YM") & " months " & DATEDIF(EmployeeData[[#This Row],[Join Date]], TODAY(), "MD") & " days")} -> 1 years 11 months 0 days
A37: 1036 | B37: Mylene Jacinto | C37: Customer Support | D37: Female | E37: 23 | F37: {=_xlfn.IFS(EmployeeData[[#This Row],[Age]]<30,"20s",EmployeeData[[#This Row],[Age]]<40,"30s",EmployeeData[[#This Row],[Age]]<50,"40s",EmployeeData[[#This Row],[Age]]<60,"50s",EmployeeData[[#This Row],[Age]]>=60,"60s")} -> 20s | G37: 44566 | H37: 45167 | I37: Relocation | J37: Exited | K37: {=_xlfn.IFS(EmployeeData[[#This Row],[Status]]="Active",_xlfn.DAYS(TODAY(),EmployeeData[[#This Row],[Join Date]]),EmployeeData[[#This Row],[Status]]="Exited",_xlfn.DAYS(EmployeeData[[#This Row],[Exit Date]],EmployeeData[[#This Row],[Join Date]]))} -> 601 | L37: {=_xlfn.IFS(EmployeeData[[#This Row],[Status]]="Exited",DATEDIF(EmployeeData[[#This Row],[Join Date]], EmployeeData[[#This Row],[Exit Date]], "Y"),EmployeeData[[#This Row],[Status]]="Active",DATEDIF(EmployeeData[[#This Row],[Join Date]], TODAY(), "Y"))} -> 1 | Q37: {=_xlfn.IFS(EmployeeData[[#This Row],[Status]]="Exited",DATEDIF(EmployeeData[[#This Row],[Join Date]], EmployeeData[[#This Row],[Exit Date]], "Y") & " years " & DATEDIF(EmployeeData[[#This Row],[Join Date]], EmployeeData[[#This Row],[Exit Date]], "YM") & " months " & DATEDIF(EmployeeData[[#This Row],[Join Date]], EmployeeData[[#This Row],[Exit Date]], "MD") & " days",EmployeeData[[#This Row],[Status]]="Active",DATEDIF(EmployeeData[[#This Row],[Join Date]], TODAY(), "Y") & " years " & DATEDIF(EmployeeData[[#This Row],[Join Date]], TODAY(), "YM") & " months " & DATEDIF(EmployeeData[[#This Row],[Join Date]], TODAY(), "MD") & " days")} -> 1 years 7 months 24 days
A38: 1037 | B38: Hernando Diaz Bondoc | C38: IT | D38: Male | E38: 30 | F38: {=_xlfn.IFS(EmployeeData[[#This Row],[Age]]<30,"20s",EmployeeData[[#This Row],[Age]]<40,"30s",EmployeeData[[#This Row],[Age]]<50,"40s",EmployeeData[[#This Row],[Age]]<60,"50s",EmployeeData[[#This Row],[Age]]>=60,"60s")} -> 30s | G38: 44070 | J38: Active | K38: {=_xlfn.IFS(EmployeeData[[#This Row],[Status]]="Active",_xlfn.DAYS(TODAY(),EmployeeData[[#This Row],[Join Date]]),EmployeeData[[#This Row],[Status]]="Exited",_xlfn.DAYS(EmployeeData[[#This Row],[Exit Date]],EmployeeData[[#This Row],[Join Date]]))} -> 2127 | L38: {=_xlfn.IFS(EmployeeData[[#This Row],[Status]]="Exited",DATEDIF(EmployeeData[[#This Row],[Join Date]], EmployeeData[[#This Row],[Exit Date]], "Y"),EmployeeData[[#This Row],[Status]]="Active",DATEDIF(EmployeeData[[#This Row],[Join Date]], TODAY(), "Y"))} -> 5 | Q38: {=_xlfn.IFS(EmployeeData[[#This Row],[Status]]="Exited",DATEDIF(EmployeeData[[#This Row],[Join Date]], EmployeeData[[#This Row],[Exit Date]], "Y") & " years " & DATEDIF(EmployeeData[[#This Row],[Join Date]], EmployeeData[[#This Row],[Exit Date]], "YM") & " months " & DATEDIF(EmployeeData[[#This Row],[Join Date]], EmployeeData[[#This Row],[Exit Date]], "MD") & " days",EmployeeData[[#This Row],[Status]]="Active",DATEDIF(EmployeeData[[#This Row],[Join Date]], TODAY(), "Y") & " years " & DATEDIF(EmployeeData[[#This Row],[Join Date]], TODAY(), "YM") & " months " & DATEDIF(EmployeeData[[#This Row],[Join Date]], TODAY(), "MD") & " days")} -> 5 years 9 months 28 days
A39: 1038 | B39: Antonio Go Tuazon | C39: Sales | D39: Male | E39: 36 | F39: {=_xlfn.IFS(EmployeeData[[#This Row],[Age]]<30,"20s",EmployeeData[[#This Row],[Age]]<40,"30s",EmployeeData[[#This Row],[Age]]<50,"40s",EmployeeData[[#This Row],[Age]]<60,"50s",EmployeeData[[#This Row],[Age]]>=60,"60s")} -> 30s | G39: 44193 | H39: 45719 | I39: Better Opportunity | J39: Exited | K39: {=_xlfn.IFS(EmployeeData[[#This Row],[Status]]="Active",_xlfn.DAYS(TODAY(),EmployeeData[[#This Row],[Join Date]]),EmployeeData[[#This Row],[Status]]="Exited",_xlfn.DAYS(EmployeeData[[#This Row],[Exit Date]],EmployeeData[[#This Row],[Join Date]]))} -> 1526 | L39: {=_xlfn.IFS(EmployeeData[[#This Row],[Status]]="Exited",DATEDIF(EmployeeData[[#This Row],[Join Date]], EmployeeData[[#This Row],[Exit Date]], "Y"),EmployeeData[[#This Row],[Status]]="Active",DATEDIF(EmployeeData[[#This Row],[Join Date]], TODAY(), "Y"))} -> 4 | Q39: {=_xlfn.IFS(EmployeeData[[#This Row],[Status]]="Exited",DATEDIF(EmployeeData[[#This Row],[Join Date]], EmployeeData[[#This Row],[Exit Date]], "Y") & " years " & DATEDIF(EmployeeData[[#This Row],[Join Date]], EmployeeData[[#This Row],[Exit Date]], "YM") & " months " & DATEDIF(EmployeeData[[#This Row],[Join Date]], EmployeeData[[#This Row],[Exit Date]], "MD") & " days",EmployeeData[[#This Row],[Status]]="Active",DATEDIF(EmployeeData[[#This Row],[Join Date]], TODAY(), "Y") & " years " & DATEDIF(EmployeeData[[#This Row],[Join Date]], TODAY(), "YM") & " months " & DATEDIF(EmployeeData[[#This Row],[Join Date]], TODAY(), "MD") & " days")} -> 4 years 2 months 3 days
A40: 1039 | B40: Fernando Aquino | C40: IT | D40: Other | E40: 35 | F40: {=_xlfn.IFS(EmployeeData[[#This Row],[Age]]<30,"20s",EmployeeData[[#This Row],[Age]]<40,"30s",EmployeeData[[#This Row],[Age]]<50,"40s",EmployeeData[[#This Row],[Age]]<60,"50s",EmployeeData[[#This Row],[Age]]>=60,"60s")} -> 30s | G40: 44014 | H40: 44895 | I40: Termination | J40: Exited | K40: {=_xlfn.IFS(EmployeeData[[#This Row],[Status]]="Active",_xlfn.DAYS(TODAY(),EmployeeData[[#This Row],[Join Date]]),EmployeeData[[#This Row],[Status]]="Exited",_xlfn.DAYS(EmployeeData[[#This Row],[Exit Date]],EmployeeData[[#This Row],[Join Date]]))} -> 881 | L40: {=_xlfn.IFS(EmployeeData[[#This Row],[Status]]="Exited",DATEDIF(EmployeeData[[#This Row],[Join Date]], EmployeeData[[#This Row],[Exit Date]], "Y"),EmployeeData[[#This Row],[Status]]="Active",DATEDIF(EmployeeData[[#This Row],[Join Date]], TODAY(), "Y"))} -> 2 | Q40: {=_xlfn.IFS(EmployeeData[[#This Row],[Status]]="Exited",DATEDIF(EmployeeData[[#This Row],[Join Date]], EmployeeData[[#This Row],[Exit Date]], "Y") & " years " & DATEDIF(EmployeeData[[#This Row],[Join Date]], EmployeeData[[#This Row],[Exit Date]], "YM") & " months " & DATEDIF(EmployeeData[[#This Row],[Join Date]], EmployeeData[[#This Row],[Exit Date]], "MD") & " days",EmployeeData[[#This Row],[Status]]="Active",DATEDIF(EmployeeData[[#This Row],[Join Date]], TODAY(), "Y") & " years " & DATEDIF(EmployeeData[[#This Row],[Join Date]], TODAY(), "YM") & " months " & DATEDIF(EmployeeData[[#This Row],[Join Date]], TODAY(), "MD") & " days")} -> 2 years 4 months 28 days
A41: 1040 | B41: Neil Mangubat | C41: IT | D41: Male | E41: 46 | F41: {=_xlfn.IFS(EmployeeData[[#This Row],[Age]]<30,"20s",EmployeeData[[#This Row],[Age]]<40,"30s",EmployeeData[[#This Row],[Age]]<50,"40s",EmployeeData[[#This Row],[Age]]<60,"50s",EmployeeData[[#This Row],[Age]]>=60,"60s")} -> 40s | G41: 45884 | J41: Active | K41: {=_xlfn.IFS(EmployeeData[[#This Row],[Status]]="Active",_xlfn.DAYS(TODAY(),EmployeeData[[#This Row],[Join Date]]),EmployeeData[[#This Row],[Status]]="Exited",_xlfn.DAYS(EmployeeData[[#This Row],[Exit Date]],EmployeeData[[#This Row],[Join Date]]))} -> 313 | L41: {=_xlfn.IFS(EmployeeData[[#This Row],[Status]]="Exited",DATEDIF(EmployeeData[[#This Row],[Join Date]], EmployeeData[[#This Row],[Exit Date]], "Y"),EmployeeData[[#This Row],[Status]]="Active",DATEDIF(EmployeeData[[#This Row],[Join Date]], TODAY(), "Y"))} -> 0 | Q41: {=_xlfn.IFS(EmployeeData[[#This Row],[Status]]="Exited",DATEDIF(EmployeeData[[#This Row],[Join Date]], EmployeeData[[#This Row],[Exit Date]], "Y") & " years " & DATEDIF(EmployeeData[[#This Row],[Join Date]], EmployeeData[[#This Row],[Exit Date]], "YM") & " months " & DATEDIF(EmployeeData[[#This Row],[Join Date]], EmployeeData[[#This Row],[Exit Date]], "MD") & " days",EmployeeData[[#This Row],[Status]]="Active",DATEDIF(EmployeeData[[#This Row],[Join Date]], TODAY(), "Y") & " years " & DATEDIF(EmployeeData[[#This Row],[Join Date]], TODAY(), "YM") & " months " & DATEDIF(EmployeeData[[#This Row],[Join Date]], TODAY(), "MD") & " days")} -> 0 years 10 months 9 days
A42: 1041 | B42: Roberto Sy Ocampo | C42: Customer Support | D42: Other | E42: 32 | F42: {=_xlfn.IFS(EmployeeData[[#This Row],[Age]]<30,"20s",EmployeeData[[#This Row],[Age]]<40,"30s",EmployeeData[[#This Row],[Age]]<50,"40s",EmployeeData[[#This Row],[Age]]<60,"50s",EmployeeData[[#This Row],[Age]]>=60,"60s")} -> 30s | G42: 45479 | J42: Active | K42: {=_xlfn.IFS(EmployeeData[[#This Row],[Status]]="Active",_xlfn.DAYS(TODAY(),EmployeeData[[#This Row],[Join Date]]),EmployeeData[[#This Row],[Status]]="Exited",_xlfn.DAYS(EmployeeData[[#This Row],[Exit Date]],EmployeeData[[#This Row],[Join Date]]))} -> 718 | L42: {=_xlfn.IFS(EmployeeData[[#This Row],[Status]]="Exited",DATEDIF(EmployeeData[[#This Row],[Join Date]], EmployeeData[[#This Row],[Exit Date]], "Y"),EmployeeData[[#This Row],[Status]]="Active",DATEDIF(EmployeeData[[#This Row],[Join Date]], TODAY(), "Y"))} -> 1 | Q42: {=_xlfn.IFS(EmployeeData[[#This Row],[Status]]="Exited",DATEDIF(EmployeeData[[#This Row],[Join Date]], EmployeeData[[#This Row],[Exit Date]], "Y") & " years " & DATEDIF(EmployeeData[[#This Row],[Join Date]], EmployeeData[[#This Row],[Exit Date]], "YM") & " months " & DATEDIF(EmployeeData[[#This Row],[Join Date]], EmployeeData[[#This Row],[Exit Date]], "MD") & " days",EmployeeData[[#This Row],[Status]]="Active",DATEDIF(EmployeeData[[#This Row],[Join Date]], TODAY(), "Y") & " years " & DATEDIF(EmployeeData[[#This Row],[Join Date]], TODAY(), "YM") & " months " & DATEDIF(EmployeeData[[#This Row],[Join Date]], TODAY(), "MD") & " days")} -> 1 years 11 months 18 days
A43: 1042 | B43: Morgan Salazar | C43: IT | D43: Other | E43: 48 | F43: {=_xlfn.IFS(EmployeeData[[#This Row],[Age]]<30,"20s",EmployeeData[[#This Row],[Age]]<40,"30s",EmployeeData[[#This Row],[Age]]<50,"40s",EmployeeData[[#This Row],[Age]]<60,"50s",EmployeeData[[#This Row],[Age]]>=60,"60s")} -> 40s | G43: 45584 | J43: Active | K43: {=_xlfn.IFS(EmployeeData[[#This Row],[Status]]="Active",_xlfn.DAYS(TODAY(),EmployeeData[[#This Row],[Join Date]]),EmployeeData[[#This Row],[Status]]="Exited",_xlfn.DAYS(EmployeeData[[#This Row],[Exit Date]],EmployeeData[[#This Row],[Join Date]]))} -> 613 | L43: {=_xlfn.IFS(EmployeeData[[#This Row],[Status]]="Exited",DATEDIF(EmployeeData[[#This Row],[Join Date]], EmployeeData[[#This Row],[Exit Date]], "Y"),EmployeeData[[#This Row],[Status]]="Active",DATEDIF(EmployeeData[[#This Row],[Join Date]], TODAY(), "Y"))} -> 1 | Q43: {=_xlfn.IFS(EmployeeData[[#This Row],[Status]]="Exited",DATEDIF(EmployeeData[[#This Row],[Join Date]], EmployeeData[[#This Row],[Exit Date]], "Y") & " years " & DATEDIF(EmployeeData[[#This Row],[Join Date]], EmployeeData[[#This Row],[Exit Date]], "YM") & " months " & DATEDIF(EmployeeData[[#This Row],[Join Date]], EmployeeData[[#This Row],[Exit Date]], "MD") & " days",EmployeeData[[#This Row],[Status]]="Active",DATEDIF(EmployeeData[[#This Row],[Join Date]], TODAY(), "Y") & " years " & DATEDIF(EmployeeData[[#This Row],[Join Date]], TODAY(), "YM") & " months " & DATEDIF(EmployeeData[[#This Row],[Join Date]], TODAY(), "MD") & " days")} -> 1 years 8 months 5 days
A44: 1043 | B44: Olive Guevarra | C44: Customer Support | D44: Female | E44: 48 | F44: {=_xlfn.IFS(EmployeeData[[#This Row],[Age]]<30,"20s",EmployeeData[[#This Row],[Age]]<40,"30s",EmployeeData[[#This Row],[Age]]<50,"40s",EmployeeData[[#This Row],[Age]]<60,"50s",EmployeeData[[#This Row],[Age]]>=60,"60s")} -> 40s | G44: 43107 | J44: Active | K44: {=_xlfn.IFS(EmployeeData[[#This Row],[Status]]="Active",_xlfn.DAYS(TODAY(),EmployeeData[[#This Row],[Join Date]]),EmployeeData[[#This Row],[Status]]="Exited",_xlfn.DAYS(EmployeeData[[#This Row],[Exit Date]],EmployeeData[[#This Row],[Join Date]]))} -> 3090 | L44: {=_xlfn.IFS(EmployeeData[[#This Row],[Status]]="Exited",DATEDIF(EmployeeData[[#This Row],[Join Date]], EmployeeData[[#This Row],[Exit Date]], "Y"),EmployeeData[[#This Row],[Status]]="Active",DATEDIF(EmployeeData[[#This Row],[Join Date]], TODAY(), "Y"))} -> 8 | Q44: {=_xlfn.IFS(EmployeeData[[#This Row],[Status]]="Exited",DATEDIF(EmployeeData[[#This Row],[Join Date]], EmployeeData[[#This Row],[Exit Date]], "Y") & " years " & DATEDIF(EmployeeData[[#This Row],[Join Date]], EmployeeData[[#This Row],[Exit Date]], "YM") & " months " & DATEDIF(EmployeeData[[#This Row],[Join Date]], EmployeeData[[#This Row],[Exit Date]], "MD") & " days",EmployeeData[[#This Row],[Status]]="Active",DATEDIF(EmployeeData[[#This Row],[Join Date]], TODAY(), "Y") & " years " & DATEDIF(EmployeeData[[#This Row],[Join Date]], TODAY(), "YM") & " months " & DATEDIF(EmployeeData[[#This Row],[Join Date]], TODAY(), "MD") & " days")} -> 8 years 5 months 17 days
A45: 1044 | B45: Joselito Obispo | C45: HR | D45: Male | E45: 44 | F45: {=_xlfn.IFS(EmployeeData[[#This Row],[Age]]<30,"20s",EmployeeData[[#This Row],[Age]]<40,"30s",EmployeeData[[#This Row],[Age]]<50,"40s",EmployeeData[[#This Row],[Age]]<60,"50s",EmployeeData[[#This Row],[Age]]>=60,"60s")} -> 40s | G45: 44867 | H45: 45633 | I45: Relocation | J45: Exited | K45: {=_xlfn.IFS(EmployeeData[[#This Row],[Status]]="Active",_xlfn.DAYS(TODAY(),EmployeeData[[#This Row],[Join Date]]),EmployeeData[[#This Row],[Status]]="Exited",_xlfn.DAYS(EmployeeData[[#This Row],[Exit Date]],EmployeeData[[#This Row],[Join Date]]))} -> 766 | L45: {=_xlfn.IFS(EmployeeData[[#This Row],[Status]]="Exited",DATEDIF(EmployeeData[[#This Row],[Join Date]], EmployeeData[[#This Row],[Exit Date]], "Y"),EmployeeData[[#This Row],[Status]]="Active",DATEDIF(EmployeeData[[#This Row],[Join Date]], TODAY(), "Y"))} -> 2 | Q45: {=_xlfn.IFS(EmployeeData[[#This Row],[Status]]="Exited",DATEDIF(EmployeeData[[#This Row],[Join Date]], EmployeeData[[#This Row],[Exit Date]], "Y") & " years " & DATEDIF(EmployeeData[[#This Row],[Join Date]], EmployeeData[[#This Row],[Exit Date]], "YM") & " months " & DATEDIF(EmployeeData[[#This Row],[Join Date]], EmployeeData[[#This Row],[Exit Date]], "MD") & " days",EmployeeData[[#This Row],[Status]]="Active",DATEDIF(EmployeeData[[#This Row],[Join Date]], TODAY(), "Y") & " years " & DATEDIF(EmployeeData[[#This Row],[Join Date]], TODAY(), "YM") & " months " & DATEDIF(EmployeeData[[#This Row],[Join Date]], TODAY(), "MD") & " days")} -> 2 years 1 months 5 days
A46: 1045 | B46: Pete Rivera Flores | C46: Marketing | D46: Male | E46: 41 | F46: {=_xlfn.IFS(EmployeeData[[#This Row],[Age]]<30,"20s",EmployeeData[[#This Row],[Age]]<40,"30s",EmployeeData[[#This Row],[Age]]<50,"40s",EmployeeData[[#This Row],[Age]]<60,"50s",EmployeeData[[#This Row],[Age]]>=60,"60s")} -> 40s | G46: 44749 | J46: Active | K46: {=_xlfn.IFS(EmployeeData[[#This Row],[Status]]="Active",_xlfn.DAYS(TODAY(),EmployeeData[[#This Row],[Join Date]]),EmployeeData[[#This Row],[Status]]="Exited",_xlfn.DAYS(EmployeeData[[#This Row],[Exit Date]],EmployeeData[[#This Row],[Join Date]]))} -> 1448 | L46: {=_xlfn.IFS(EmployeeData[[#This Row],[Status]]="Exited",DATEDIF(EmployeeData[[#This Row],[Join Date]], EmployeeData[[#This Row],[Exit Date]], "Y"),EmployeeData[[#This Row],[Status]]="Active",DATEDIF(EmployeeData[[#This Row],[Join Date]], TODAY(), "Y"))} -> 3 | Q46: {=_xlfn.IFS(EmployeeData[[#This Row],[Status]]="Exited",DATEDIF(EmployeeData[[#This Row],[Join Date]], EmployeeData[[#This Row],[Exit Date]], "Y") & " years " & DATEDIF(EmployeeData[[#This Row],[Join Date]], EmployeeData[[#This Row],[Exit Date]], "YM") & " months " & DATEDIF(EmployeeData[[#This Row],[Join Date]], EmployeeData[[#This Row],[Exit Date]], "MD") & " days",EmployeeData[[#This Row],[Status]]="Active",DATEDIF(EmployeeData[[#This Row],[Join Date]], TODAY(), "Y") & " years " & DATEDIF(EmployeeData[[#This Row],[Join Date]], TODAY(), "YM") & " months " & DATEDIF(EmployeeData[[#This Row],[Join Date]], TODAY(), "MD") & " days")} -> 3 years 11 months 17 days
A47: 1046 | B47: Alex Sy Sia | C47: HR | D47: Other | E47: 57 | F47: {=_xlfn.IFS(EmployeeData[[#This Row],[Age]]<30,"20s",EmployeeData[[#This Row],[Age]]<40,"30s",EmployeeData[[#This Row],[Age]]<50,"40s",EmployeeData[[#This Row],[Age]]<60,"50s",EmployeeData[[#This Row],[Age]]>=60,"60s")} -> 50s | G47: 44333 | J47: Active | K47: {=_xlfn.IFS(EmployeeData[[#This Row],[Status]]="Active",_xlfn.DAYS(TODAY(),EmployeeData[[#This Row],[Join Date]]),EmployeeData[[#This Row],[Status]]="Exited",_xlfn.DAYS(EmployeeData[[#This Row],[Exit Date]],EmployeeData[[#This Row],[Join Date]]))} -> 1864 | L47: {=_xlfn.IFS(EmployeeData[[#This Row],[Status]]="Exited",DATEDIF(EmployeeData[[#This Row],[Join Date]], EmployeeData[[#This Row],[Exit Date]], "Y"),EmployeeData[[#This Row],[Status]]="Active",DATEDIF(EmployeeData[[#This Row],[Join Date]], TODAY(), "Y"))} -> 5 | Q47: {=_xlfn.IFS(EmployeeData[[#This Row],[Status]]="Exited",DATEDIF(EmployeeData[[#This Row],[Join Date]], EmployeeData[[#This Row],[Exit Date]], "Y") & " years " & DATEDIF(EmployeeData[[#This Row],[Join Date]], EmployeeData[[#This Row],[Exit Date]], "YM") & " months " & DATEDIF(EmployeeData[[#This Row],[Join Date]], EmployeeData[[#This Row],[Exit Date]], "MD") & " days",EmployeeData[[#This Row],[Status]]="Active",DATEDIF(EmployeeData[[#This Row],[Join Date]], TODAY(), "Y") & " years " & DATEDIF(EmployeeData[[#This Row],[Join Date]], TODAY(), "YM") & " months " & DATEDIF(EmployeeData[[#This Row],[Join Date]], TODAY(), "MD") & " days")} -> 5 years 1 months 7 days
A48: 1047 | B48: Marcelo Lopez Cueto | C48: Sales | D48: Male | E48: 41 | F48: {=_xlfn.IFS(EmployeeData[[#This Row],[Age]]<30,"20s",EmployeeData[[#This Row],[Age]]<40,"30s",EmployeeData[[#This Row],[Age]]<50,"40s",EmployeeData[[#This Row],[Age]]<60,"50s",EmployeeData[[#This Row],[Age]]>=60,"60s")} -> 40s | G48: 45005 | J48: Active | K48: {=_xlfn.IFS(EmployeeData[[#This Row],[Status]]="Active",_xlfn.DAYS(TODAY(),EmployeeData[[#This Row],[Join Date]]),EmployeeData[[#This Row],[Status]]="Exited",_xlfn.DAYS(EmployeeData[[#This Row],[Exit Date]],EmployeeData[[#This Row],[Join Date]]))} -> 1192 | L48: {=_xlfn.IFS(EmployeeData[[#This Row],[Status]]="Exited",DATEDIF(EmployeeData[[#This Row],[Join Date]], EmployeeData[[#This Row],[Exit Date]], "Y"),EmployeeData[[#This Row],[Status]]="Active",DATEDIF(EmployeeData[[#This Row],[Join Date]], TODAY(), "Y"))} -> 3 | Q48: {=_xlfn.IFS(EmployeeData[[#This Row],[Status]]="Exited",DATEDIF(EmployeeData[[#This Row],[Join Date]], EmployeeData[[#This Row],[Exit Date]], "Y") & " years " & DATEDIF(EmployeeData[[#This Row],[Join Date]], EmployeeData[[#This Row],[Exit Date]], "YM") & " months " & DATEDIF(EmployeeData[[#This Row],[Join Date]], EmployeeData[[#This Row],[Exit Date]], "MD") & " days",EmployeeData[[#This Row],[Status]]="Active",DATEDIF(EmployeeData[[#This Row],[Join Date]], TODAY(), "Y") & " years " & DATEDIF(EmployeeData[[#This Row],[Join Date]], TODAY(), "YM") & " months " & DATEDIF(EmployeeData[[#This Row],[Join Date]], TODAY(), "MD") & " days")} -> 3 years 3 months 4 days
A49: 1048 | B49: Rosalinda Castro Figueroa | C49: HR | D49: Female | E49: 42 | F49: {=_xlfn.IFS(EmployeeData[[#This Row],[Age]]<30,"20s",EmployeeData[[#This Row],[Age]]<40,"30s",EmployeeData[[#This Row],[Age]]<50,"40s",EmployeeData[[#This Row],[Age]]<60,"50s",EmployeeData[[#This Row],[Age]]>=60,"60s")} -> 40s | G49: 43483 | J49: Active | K49: {=_xlfn.IFS(EmployeeData[[#This Row],[Status]]="Active",_xlfn.DAYS(TODAY(),EmployeeData[[#This Row],[Join Date]]),EmployeeData[[#This Row],[Status]]="Exited",_xlfn.DAYS(EmployeeData[[#This Row],[Exit Date]],EmployeeData[[#This Row],[Join Date]]))} -> 2714 | L49: {=_xlfn.IFS(EmployeeData[[#This Row],[Status]]="Exited",DATEDIF(EmployeeData[[#This Row],[Join Date]], EmployeeData[[#This Row],[Exit Date]], "Y"),EmployeeData[[#This Row],[Status]]="Active",DATEDIF(EmployeeData[[#This Row],[Join Date]], TODAY(), "Y"))} -> 7 | Q49: {=_xlfn.IFS(EmployeeData[[#This Row],[Status]]="Exited",DATEDIF(EmployeeData[[#This Row],[Join Date]], EmployeeData[[#This Row],[Exit Date]], "Y") & " years " & DATEDIF(EmployeeData[[#This Row],[Join Date]], EmployeeData[[#This Row],[Exit Date]], "YM") & " months " & DATEDIF(EmployeeData[[#This Row],[Join Date]], EmployeeData[[#This Row],[Exit Date]], "MD") & " days",EmployeeData[[#This Row],[Status]]="Active",DATEDIF(EmployeeData[[#This Row],[Join Date]], TODAY(), "Y") & " years " & DATEDIF(EmployeeData[[#This Row],[Join Date]], TODAY(), "YM") & " months " & DATEDIF(EmployeeData[[#This Row],[Join Date]], TODAY(), "MD") & " days")} -> 7 years 5 months 6 days
A50: 1049 | B50: Gloria Castro Roque | C50: Customer Support | D50: Female | E50: 51 | F50: {=_xlfn.IFS(EmployeeData[[#This Row],[Age]]<30,"20s",EmployeeData[[#This Row],[Age]]<40,"30s",EmployeeData[[#This Row],[Age]]<50,"40s",EmployeeData[[#This Row],[Age]]<60,"50s",EmployeeData[[#This Row],[Age]]>=60,"60s")} -> 50s | G50: 45604 | J50: Active | K50: {=_xlfn.IFS(EmployeeData[[#This Row],[Status]]="Active",_xlfn.DAYS(TODAY(),EmployeeData[[#This Row],[Join Date]]),EmployeeData[[#This Row],[Status]]="Exited",_xlfn.DAYS(EmployeeData[[#This Row],[Exit Date]],EmployeeData[[#This Row],[Join Date]]))} -> 593 | L50: {=_xlfn.IFS(EmployeeData[[#This Row],[Status]]="Exited",DATEDIF(EmployeeData[[#This Row],[Join Date]], EmployeeData[[#This Row],[Exit Date]], "Y"),EmployeeData[[#This Row],[Status]]="Active",DATEDIF(EmployeeData[[#This Row],[Join Date]], TODAY(), "Y"))} -> 1 | Q50: {=_xlfn.IFS(EmployeeData[[#This Row],[Status]]="Exited",DATEDIF(EmployeeData[[#This Row],[Join Date]], EmployeeData[[#This Row],[Exit Date]], "Y") & " years " & DATEDIF(EmployeeData[[#This Row],[Join Date]], EmployeeData[[#This Row],[Exit Date]], "YM") & " months " & DATEDIF(EmployeeData[[#This Row],[Join Date]], EmployeeData[[#This Row],[Exit Date]], "MD") & " days",EmployeeData[[#This Row],[Status]]="Active",DATEDIF(EmployeeData[[#This Row],[Join Date]], TODAY(), "Y") & " years " & DATEDIF(EmployeeData[[#This Row],[Join Date]], TODAY(), "YM") & " months " & DATEDIF(EmployeeData[[#This Row],[Join Date]], TODAY(), "MD") & " days")} -> 1 years 7 months 16 days
A51: 1050 | B51: Ronaldo Go Estrada | C51: HR | D51: Male | E51: 46 | F51: {=_xlfn.IFS(EmployeeData[[#This Row],[Age]]<30,"20s",EmployeeData[[#This Row],[Age]]<40,"30s",EmployeeData[[#This Row],[Age]]<50,"40s",EmployeeData[[#This Row],[Age]]<60,"50s",EmployeeData[[#This Row],[Age]]>=60,"60s")} -> 40s | G51: 44100 | H51: 45598 | I51: Better Opportunity | J51: Exited | K51: {=_xlfn.IFS(EmployeeData[[#This Row],[Status]]="Active",_xlfn.DAYS(TODAY(),EmployeeData[[#This Row],[Join Date]]),EmployeeData[[#This Row],[Status]]="Exited",_xlfn.DAYS(EmployeeData[[#This Row],[Exit Date]],EmployeeData[[#This Row],[Join Date]]))} -> 1498 | L51: {=_xlfn.IFS(EmployeeData[[#This Row],[Status]]="Exited",DATEDIF(EmployeeData[[#This Row],[Join Date]], EmployeeData[[#This Row],[Exit Date]], "Y"),EmployeeData[[#This Row],[Status]]="Active",DATEDIF(EmployeeData[[#This Row],[Join Date]], TODAY(), "Y"))} -> 4 | Q51: {=_xlfn.IFS(EmployeeData[[#This Row],[Status]]="Exited",DATEDIF(EmployeeData[[#This Row],[Join Date]], EmployeeData[[#This Row],[Exit Date]], "Y") & " years " & DATEDIF(EmployeeData[[#This Row],[Join Date]], EmployeeData[[#This Row],[Exit Date]], "YM") & " months " & DATEDIF(EmployeeData[[#This Row],[Join Date]], EmployeeData[[#This Row],[Exit Date]], "MD") & " days",EmployeeData[[#This Row],[Status]]="Active",DATEDIF(EmployeeData[[#This Row],[Join Date]], TODAY(), "Y") & " years " & DATEDIF(EmployeeData[[#This Row],[Join Date]], TODAY(), "YM") & " months " & DATEDIF(EmployeeData[[#This Row],[Join Date]], TODAY(), "MD") & " days")} -> 4 years 1 months 7 days
A52: 1051 | B52: Sue Uy Perez | C52: Customer Support | D52: Female | E52: 28 | F52: {=_xlfn.IFS(EmployeeData[[#This Row],[Age]]<30,"20s",EmployeeData[[#This Row],[Age]]<40,"30s",EmployeeData[[#This Row],[Age]]<50,"40s",EmployeeData[[#This Row],[Age]]<60,"50s",EmployeeData[[#This Row],[Age]]>=60,"60s")} -> 20s | G52: 44970 | H52: 46011 | I52: Relocation | J52: Exited | K52: {=_xlfn.IFS(EmployeeData[[#This Row],[Status]]="Active",_xlfn.DAYS(TODAY(),EmployeeData[[#This Row],[Join Date]]),EmployeeData[[#This Row],[Status]]="Exited",_xlfn.DAYS(EmployeeData[[#This Row],[Exit Date]],EmployeeData[[#This Row],[Join Date]]))} -> 1041 | L52: {=_xlfn.IFS(EmployeeData[[#This Row],[Status]]="Exited",DATEDIF(EmployeeData[[#This Row],[Join Date]], EmployeeData[[#This Row],[Exit Date]], "Y"),EmployeeData[[#This Row],[Status]]="Active",DATEDIF(EmployeeData[[#This Row],[Join Date]], TODAY(), "Y"))} -> 2 | Q52: {=_xlfn.IFS(EmployeeData[[#This Row],[Status]]="Exited",DATEDIF(EmployeeData[[#This Row],[Join Date]], EmployeeData[[#This Row],[Exit Date]], "Y") & " years " & DATEDIF(EmployeeData[[#This Row],[Join Date]], EmployeeData[[#This Row],[Exit Date]], "YM") & " months " & DATEDIF(EmployeeData[[#This Row],[Join Date]], EmployeeData[[#This Row],[Exit Date]], "MD") & " days",EmployeeData[[#This Row],[Status]]="Active",DATEDIF(EmployeeData[[#This Row],[Join Date]], TODAY(), "Y") & " years " & DATEDIF(EmployeeData[[#This Row],[Join Date]], TODAY(), "YM") & " months " & DATEDIF(EmployeeData[[#This Row],[Join Date]], TODAY(), "MD") & " days")} -> 2 years 10 months 7 days
A53: 1052 | B53: Rowena Natividad | C53: Marketing | D53: Other | E53: 53 | F53: {=_xlfn.IFS(EmployeeData[[#This Row],[Age]]<30,"20s",EmployeeData[[#This Row],[Age]]<40,"30s",EmployeeData[[#This Row],[Age]]<50,"40s",EmployeeData[[#This Row],[Age]]<60,"50s",EmployeeData[[#This Row],[Age]]>=60,"60s")} -> 50s | G53: 44848 | J53: Active | K53: {=_xlfn.IFS(EmployeeData[[#This Row],[Status]]="Active",_xlfn.DAYS(TODAY(),EmployeeData[[#This Row],[Join Date]]),EmployeeData[[#This Row],[Status]]="Exited",_xlfn.DAYS(EmployeeData[[#This Row],[Exit Date]],EmployeeData[[#This Row],[Join Date]]))} -> 1349 | L53: {=_xlfn.IFS(EmployeeData[[#This Row],[Status]]="Exited",DATEDIF(EmployeeData[[#This Row],[Join Date]], EmployeeData[[#This Row],[Exit Date]], "Y"),EmployeeData[[#This Row],[Status]]="Active",DATEDIF(EmployeeData[[#This Row],[Join Date]], TODAY(), "Y"))} -> 3 | Q53: {=_xlfn.IFS(EmployeeData[[#This Row],[Status]]="Exited",DATEDIF(EmployeeData[[#This Row],[Join Date]], EmployeeData[[#This Row],[Exit Date]], "Y") & " years " & DATEDIF(EmployeeData[[#This Row],[Join Date]], EmployeeData[[#This Row],[Exit Date]], "YM") & " months " & DATEDIF(EmployeeData[[#This Row],[Join Date]], EmployeeData[[#This Row],[Exit Date]], "MD") & " days",EmployeeData[[#This Row],[Status]]="Active",DATEDIF(EmployeeData[[#This Row],[Join Date]], TODAY(), "Y") & " years " & DATEDIF(EmployeeData[[#This Row],[Join Date]], TODAY(), "YM") & " months " & DATEDIF(EmployeeData[[#This Row],[Join Date]], TODAY(), "MD") & " days")} -> 3 years 8 months 10 days
A54: 1053 | B54: Vicente Mercado Delmendo | C54: HR | D54: Male | E54: 37 | F54: {=_xlfn.IFS(EmployeeData[[#This Row],[Age]]<30,"20s",EmployeeData[[#This Row],[Age]]<40,"30s",EmployeeData[[#This Row],[Age]]<50,"40s",EmployeeData[[#This Row],[Age]]<60,"50s",EmployeeData[[#This Row],[Age]]>=60,"60s")} -> 30s | G54: 44113 | J54: Active | K54: {=_xlfn.IFS(EmployeeData[[#This Row],[Status]]="Active",_xlfn.DAYS(TODAY(),EmployeeData[[#This Row],[Join Date]]),EmployeeData[[#This Row],[Status]]="Exited",_xlfn.DAYS(EmployeeData[[#This Row],[Exit Date]],EmployeeData[[#This Row],[Join Date]]))} -> 2084 | L54: {=_xlfn.IFS(EmployeeData[[#This Row],[Status]]="Exited",DATEDIF(EmployeeData[[#This Row],[Join Date]], EmployeeData[[#This Row],[Exit Date]], "Y"),EmployeeData[[#This Row],[Status]]="Active",DATEDIF(EmployeeData[[#This Row],[Join Date]], TODAY(), "Y"))} -> 5 | Q54: {=_xlfn.IFS(EmployeeData[[#This Row],[Status]]="Exited",DATEDIF(EmployeeData[[#This Row],[Join Date]], EmployeeData[[#This Row],[Exit Date]], "Y") & " years " & DATEDIF(EmployeeData[[#This Row],[Join Date]], EmployeeData[[#This Row],[Exit Date]], "YM") & " months " & DATEDIF(EmployeeData[[#This Row],[Join Date]], EmployeeData[[#This Row],[Exit Date]], "MD") & " days",EmployeeData[[#This Row],[Status]]="Active",DATEDIF(EmployeeData[[#This Row],[Join Date]], TODAY(), "Y") & " years " & DATEDIF(EmployeeData[[#This Row],[Join Date]], TODAY(), "YM") & " months " & DATEDIF(EmployeeData[[#This Row],[Join Date]], TODAY(), "MD") & " days")} -> 5 years 8 months 15 days
A55: 1054 | B55: Rowena Rivera Ramirez | C55: IT | D55: Female | E55: 39 | F55: {=_xlfn.IFS(EmployeeData[[#This Row],[Age]]<30,"20s",EmployeeData[[#This Row],[Age]]<40,"30s",EmployeeData[[#This Row],[Age]]<50,"40s",EmployeeData[[#This Row],[Age]]<60,"50s",EmployeeData[[#This Row],[Age]]>=60,"60s")} -> 30s | G55: 44061 | H55: 44805 | I55: Resignation | J55: Exited | K55: {=_xlfn.IFS(EmployeeData[[#This Row],[Status]]="Active",_xlfn.DAYS(TODAY(),EmployeeData[[#This Row],[Join Date]]),EmployeeData[[#This Row],[Status]]="Exited",_xlfn.DAYS(EmployeeData[[#This Row],[Exit Date]],EmployeeData[[#This Row],[Join Date]]))} -> 744 | L55: {=_xlfn.IFS(EmployeeData[[#This Row],[Status]]="Exited",DATEDIF(EmployeeData[[#This Row],[Join Date]], EmployeeData[[#This Row],[Exit Date]], "Y"),EmployeeData[[#This Row],[Status]]="Active",DATEDIF(EmployeeData[[#This Row],[Join Date]], TODAY(), "Y"))} -> 2 | Q55: {=_xlfn.IFS(EmployeeData[[#This Row],[Status]]="Exited",DATEDIF(EmployeeData[[#This Row],[Join Date]], EmployeeData[[#This Row],[Exit Date]], "Y") & " years " & DATEDIF(EmployeeData[[#This Row],[Join Date]], EmployeeData[[#This Row],[Exit Date]], "YM") & " months " & DATEDIF(EmployeeData[[#This Row],[Join Date]], EmployeeData[[#This Row],[Exit Date]], "MD") & " days",EmployeeData[[#This Row],[Status]]="Active",DATEDIF(EmployeeData[[#This Row],[Join Date]], TODAY(), "Y") & " years " & DATEDIF(EmployeeData[[#This Row],[Join Date]], TODAY(), "YM") & " months " & DATEDIF(EmployeeData[[#This Row],[Join Date]], TODAY(), "MD") & " days")} -> 2 years 0 months 14 days
A56: 1055 | B56: Gloria Flores Suarez | C56: HR | D56: Other | E56: 25 | F56: {=_xlfn.IFS(EmployeeData[[#This Row],[Age]]<30,"20s",EmployeeData[[#This Row],[Age]]<40,"30s",EmployeeData[[#This Row],[Age]]<50,"40s",EmployeeData[[#This Row],[Age]]<60,"50s",EmployeeData[[#This Row],[Age]]>=60,"60s")} -> 20s | G56: 44800 | J56: Active | K56: {=_xlfn.IFS(EmployeeData[[#This Row],[Status]]="Active",_xlfn.DAYS(TODAY(),EmployeeData[[#This Row],[Join Date]]),EmployeeData[[#This Row],[Status]]="Exited",_xlfn.DAYS(EmployeeData[[#This Row],[Exit Date]],EmployeeData[[#This Row],[Join Date]]))} -> 1397 | L56: {=_xlfn.IFS(EmployeeData[[#This Row],[Status]]="Exited",DATEDIF(EmployeeData[[#This Row],[Join Date]], EmployeeData[[#This Row],[Exit Date]], "Y"),EmployeeData[[#This Row],[Status]]="Active",DATEDIF(EmployeeData[[#This Row],[Join Date]], TODAY(), "Y"))} -> 3 | Q56: {=_xlfn.IFS(EmployeeData[[#This Row],[Status]]="Exited",DATEDIF(EmployeeData[[#This Row],[Join Date]], EmployeeData[[#This Row],[Exit Date]], "Y") & " years " & DATEDIF(EmployeeData[[#This Row],[Join Date]], EmployeeData[[#This Row],[Exit Date]], "YM") & " months " & DATEDIF(EmployeeData[[#This Row],[Join Date]], EmployeeData[[#This Row],[Exit Date]], "MD") & " days",EmployeeData[[#This Row],[Status]]="Active",DATEDIF(EmployeeData[[#This Row],[Join Date]], TODAY(), "Y") & " years " & DATEDIF(EmployeeData[[#This Row],[Join Date]], TODAY(), "YM") & " months " & DATEDIF(EmployeeData[[#This Row],[Join Date]], TODAY(), "MD") & " days")} -> 3 years 9 months 28 days
A57: 1056 | B57: Ivan Sia | C57: Sales | D57: Male | E57: 58 | F57: {=_xlfn.IFS(EmployeeData[[#This Row],[Age]]<30,"20s",EmployeeData[[#This Row],[Age]]<40,"30s",EmployeeData[[#This Row],[Age]]<50,"40s",EmployeeData[[#This Row],[Age]]<60,"50s",EmployeeData[[#This Row],[Age]]>=60,"60s")} -> 50s | G57: 45949 | H57: 46136 | I57: Termination | J57: Exited | K57: {=_xlfn.IFS(EmployeeData[[#This Row],[Status]]="Active",_xlfn.DAYS(TODAY(),EmployeeData[[#This Row],[Join Date]]),EmployeeData[[#This Row],[Status]]="Exited",_xlfn.DAYS(EmployeeData[[#This Row],[Exit Date]],EmployeeData[[#This Row],[Join Date]]))} -> 187 | L57: {=_xlfn.IFS(EmployeeData[[#This Row],[Status]]="Exited",DATEDIF(EmployeeData[[#This Row],[Join Date]], EmployeeData[[#This Row],[Exit Date]], "Y"),EmployeeData[[#This Row],[Status]]="Active",DATEDIF(EmployeeData[[#This Row],[Join Date]], TODAY(), "Y"))} -> 0 | Q57: {=_xlfn.IFS(EmployeeData[[#This Row],[Status]]="Exited",DATEDIF(EmployeeData[[#This Row],[Join Date]], EmployeeData[[#This Row],[Exit Date]], "Y") & " years " & DATEDIF(EmployeeData[[#This Row],[Join Date]], EmployeeData[[#This Row],[Exit Date]], "YM") & " months " & DATEDIF(EmployeeData[[#This Row],[Join Date]], EmployeeData[[#This Row],[Exit Date]], "MD") & " days",EmployeeData[[#This Row],[Status]]="Active",DATEDIF(EmployeeData[[#This Row],[Join Date]], TODAY(), "Y") & " years " & DATEDIF(EmployeeData[[#This Row],[Join Date]], TODAY(), "YM") & " months " & DATEDIF(EmployeeData[[#This Row],[Join Date]], TODAY(), "MD") & " days")} -> 0 years 6 months 5 days
A58: 1057 | B58: Gloria Quiambao | C58: Sales | D58: Other | E58: 47 | F58: {=_xlfn.IFS(EmployeeData[[#This Row],[Age]]<30,"20s",EmployeeData[[#This Row],[Age]]<40,"30s",EmployeeData[[#This Row],[Age]]<50,"40s",EmployeeData[[#This Row],[Age]]<60,"50s",EmployeeData[[#This Row],[Age]]>=60,"60s")} -> 40s | G58: 45305 | J58: Active | K58: {=_xlfn.IFS(EmployeeData[[#This Row],[Status]]="Active",_xlfn.DAYS(TODAY(),EmployeeData[[#This Row],[Join Date]]),EmployeeData[[#This Row],[Status]]="Exited",_xlfn.DAYS(EmployeeData[[#This Row],[Exit Date]],EmployeeData[[#This Row],[Join Date]]))} -> 892 | L58: {=_xlfn.IFS(EmployeeData[[#This Row],[Status]]="Exited",DATEDIF(EmployeeData[[#This Row],[Join Date]], EmployeeData[[#This Row],[Exit Date]], "Y"),EmployeeData[[#This Row],[Status]]="Active",DATEDIF(EmployeeData[[#This Row],[Join Date]], TODAY(), "Y"))} -> 2 | Q58: {=_xlfn.IFS(EmployeeData[[#This Row],[Status]]="Exited",DATEDIF(EmployeeData[[#This Row],[Join Date]], EmployeeData[[#This Row],[Exit Date]], "Y") & " years " & DATEDIF(EmployeeData[[#This Row],[Join Date]], EmployeeData[[#This Row],[Exit Date]], "YM") & " months " & DATEDIF(EmployeeData[[#This Row],[Join Date]], EmployeeData[[#This Row],[Exit Date]], "MD") & " days",EmployeeData[[#This Row],[Status]]="Active",DATEDIF(EmployeeData[[#This Row],[Join Date]], TODAY(), "Y") & " years " & DATEDIF(EmployeeData[[#This Row],[Join Date]], TODAY(), "YM") & " months " & DATEDIF(EmployeeData[[#This Row],[Join Date]], TODAY(), "MD") & " days")} -> 2 years 5 months 10 days
A59: 1058 | B59: Vanessa Go Obispo | C59: Marketing | D59: Female | E59: 52 | F59: {=_xlfn.IFS(EmployeeData[[#This Row],[Age]]<30,"20s",EmployeeData[[#This Row],[Age]]<40,"30s",EmployeeData[[#This Row],[Age]]<50,"40s",EmployeeData[[#This Row],[Age]]<60,"50s",EmployeeData[[#This Row],[Age]]>=60,"60s")} -> 50s | G59: 43219 | J59: Active | K59: {=_xlfn.IFS(EmployeeData[[#This Row],[Status]]="Active",_xlfn.DAYS(TODAY(),EmployeeData[[#This Row],[Join Date]]),EmployeeData[[#This Row],[Status]]="Exited",_xlfn.DAYS(EmployeeData[[#This Row],[Exit Date]],EmployeeData[[#This Row],[Join Date]]))} -> 2978 | L59: {=_xlfn.IFS(EmployeeData[[#This Row],[Status]]="Exited",DATEDIF(EmployeeData[[#This Row],[Join Date]], EmployeeData[[#This Row],[Exit Date]], "Y"),EmployeeData[[#This Row],[Status]]="Active",DATEDIF(EmployeeData[[#This Row],[Join Date]], TODAY(), "Y"))} -> 8 | Q59: {=_xlfn.IFS(EmployeeData[[#This Row],[Status]]="Exited",DATEDIF(EmployeeData[[#This Row],[Join Date]], EmployeeData[[#This Row],[Exit Date]], "Y") & " years " & DATEDIF(EmployeeData[[#This Row],[Join Date]], EmployeeData[[#This Row],[Exit Date]], "YM") & " months " & DATEDIF(EmployeeData[[#This Row],[Join Date]], EmployeeData[[#This Row],[Exit Date]], "MD") & " days",EmployeeData[[#This Row],[Status]]="Active",DATEDIF(EmployeeData[[#This Row],[Join Date]], TODAY(), "Y") & " years " & DATEDIF(EmployeeData[[#This Row],[Join Date]], TODAY(), "YM") & " months " & DATEDIF(EmployeeData[[#This Row],[Join Date]], TODAY(), "MD") & " days")} -> 8 years 1 months 26 days
A60: 1059 | B60: Lourdes Lozano | C60: Finance | D60: Other | E60: 55 | F60: {=_xlfn.IFS(EmployeeData[[#This Row],[Age]]<30,"20s",EmployeeData[[#This Row],[Age]]<40,"30s",EmployeeData[[#This Row],[Age]]<50,"40s",EmployeeData[[#This Row],[Age]]<60,"50s",EmployeeData[[#This Row],[Age]]>=60,"60s")} -> 50s | G60: 43211 | J60: Active | K60: {=_xlfn.IFS(EmployeeData[[#This Row],[Status]]="Active",_xlfn.DAYS(TODAY(),EmployeeData[[#This Row],[Join Date]]),EmployeeData[[#This Row],[Status]]="Exited",_xlfn.DAYS(EmployeeData[[#This Row],[Exit Date]],EmployeeData[[#This Row],[Join Date]]))} -> 2986 | L60: {=_xlfn.IFS(EmployeeData[[#This Row],[Status]]="Exited",DATEDIF(EmployeeData[[#This Row],[Join Date]], EmployeeData[[#This Row],[Exit Date]], "Y"),EmployeeData[[#This Row],[Status]]="Active",DATEDIF(EmployeeData[[#This Row],[Join Date]], TODAY(), "Y"))} -> 8 | Q60: {=_xlfn.IFS(EmployeeData[[#This Row],[Status]]="Exited",DATEDIF(EmployeeData[[#This Row],[Join Date]], EmployeeData[[#This Row],[Exit Date]], "Y") & " years " & DATEDIF(EmployeeData[[#This Row],[Join Date]], EmployeeData[[#This Row],[Exit Date]], "YM") & " months " & DATEDIF(EmployeeData[[#This Row],[Join Date]], EmployeeData[[#This Row],[Exit Date]], "MD") & " days",EmployeeData[[#This Row],[Status]]="Active",DATEDIF(EmployeeData[[#This Row],[Join Date]], TODAY(), "Y") & " years " & DATEDIF(EmployeeData[[#This Row],[Join Date]], TODAY(), "YM") & " months " & DATEDIF(EmployeeData[[#This Row],[Join Date]], TODAY(), "MD") & " days")} -> 8 years 2 months 3 days
A61: 1060 | B61: Elmer Buenaventura | C61: Customer Support | D61: Male | E61: 64 | F61: {=_xlfn.IFS(EmployeeData[[#This Row],[Age]]<30,"20s",EmployeeData[[#This Row],[Age]]<40,"30s",EmployeeData[[#This Row],[Age]]<50,"40s",EmployeeData[[#This Row],[Age]]<60,"50s",EmployeeData[[#This Row],[Age]]>=60,"60s")} -> 60s | G61: 43845 | H61: 45487 | I61: Retirement | J61: Exited | K61: {=_xlfn.IFS(EmployeeData[[#This Row],[Status]]="Active",_xlfn.DAYS(TODAY(),EmployeeData[[#This Row],[Join Date]]),EmployeeData[[#This Row],[Status]]="Exited",_xlfn.DAYS(EmployeeData[[#This Row],[Exit Date]],EmployeeData[[#This Row],[Join Date]]))} -> 1642 | L61: {=_xlfn.IFS(EmployeeData[[#This Row],[Status]]="Exited",DATEDIF(EmployeeData[[#This Row],[Join Date]], EmployeeData[[#This Row],[Exit Date]], "Y"),EmployeeData[[#This Row],[Status]]="Active",DATEDIF(EmployeeData[[#This Row],[Join Date]], TODAY(), "Y"))} -> 4 | Q61: {=_xlfn.IFS(EmployeeData[[#This Row],[Status]]="Exited",DATEDIF(EmployeeData[[#This Row],[Join Date]], EmployeeData[[#This Row],[Exit Date]], "Y") & " years " & DATEDIF(EmployeeData[[#This Row],[Join Date]], EmployeeData[[#This Row],[Exit Date]], "YM") & " months " & DATEDIF(EmployeeData[[#This Row],[Join Date]], EmployeeData[[#This Row],[Exit Date]], "MD") & " days",EmployeeData[[#This Row],[Status]]="Active",DATEDIF(EmployeeData[[#This Row],[Join Date]], TODAY(), "Y") & " years " & DATEDIF(EmployeeData[[#This Row],[Join Date]], TODAY(), "YM") & " months " & DATEDIF(EmployeeData[[#This Row],[Join Date]], TODAY(), "MD") & " days")} -> 4 years 5 months 29 days
A62: 1061 | B62: Elena Cruz | C62: IT | D62: Other | E62: 47 | F62: {=_xlfn.IFS(EmployeeData[[#This Row],[Age]]<30,"20s",EmployeeData[[#This Row],[Age]]<40,"30s",EmployeeData[[#This Row],[Age]]<50,"40s",EmployeeData[[#This Row],[Age]]<60,"50s",EmployeeData[[#This Row],[Age]]>=60,"60s")} -> 40s | G62: 44134 | J62: Active | K62: {=_xlfn.IFS(EmployeeData[[#This Row],[Status]]="Active",_xlfn.DAYS(TODAY(),EmployeeData[[#This Row],[Join Date]]),EmployeeData[[#This Row],[Status]]="Exited",_xlfn.DAYS(EmployeeData[[#This Row],[Exit Date]],EmployeeData[[#This Row],[Join Date]]))} -> 2063 | L62: {=_xlfn.IFS(EmployeeData[[#This Row],[Status]]="Exited",DATEDIF(EmployeeData[[#This Row],[Join Date]], EmployeeData[[#This Row],[Exit Date]], "Y"),EmployeeData[[#This Row],[Status]]="Active",DATEDIF(EmployeeData[[#This Row],[Join Date]], TODAY(), "Y"))} -> 5 | Q62: {=_xlfn.IFS(EmployeeData[[#This Row],[Status]]="Exited",DATEDIF(EmployeeData[[#This Row],[Join Date]], EmployeeData[[#This Row],[Exit Date]], "Y") & " years " & DATEDIF(EmployeeData[[#This Row],[Join Date]], EmployeeData[[#This Row],[Exit Date]], "YM") & " months " & DATEDIF(EmployeeData[[#This Row],[Join Date]], EmployeeData[[#This Row],[Exit Date]], "MD") & " days",EmployeeData[[#This Row],[Status]]="Active",DATEDIF(EmployeeData[[#This Row],[Join Date]], TODAY(), "Y") & " years " & DATEDIF(EmployeeData[[#This Row],[Join Date]], TODAY(), "YM") & " months " & DATEDIF(EmployeeData[[#This Row],[Join Date]], TODAY(), "MD") & " days")} -> 5 years 7 months 25 days
A63: 1062 | B63: Eduardo Vega | C63: Customer Support | D63: Other | E63: 35 | F63: {=_xlfn.IFS(EmployeeData[[#This Row],[Age]]<30,"20s",EmployeeData[[#This Row],[Age]]<40,"30s",EmployeeData[[#This Row],[Age]]<50,"40s",EmployeeData[[#This Row],[Age]]<60,"50s",EmployeeData[[#This Row],[Age]]>=60,"60s")} -> 30s | G63: 45763 | H63: 45873 | I63: Personal Reasons | J63: Exited | K63: {=_xlfn.IFS(EmployeeData[[#This Row],[Status]]="Active",_xlfn.DAYS(TODAY(),EmployeeData[[#This Row],[Join Date]]),EmployeeData[[#This Row],[Status]]="Exited",_xlfn.DAYS(EmployeeData[[#This Row],[Exit Date]],EmployeeData[[#This Row],[Join Date]]))} -> 110 | L63: {=_xlfn.IFS(EmployeeData[[#This Row],[Status]]="Exited",DATEDIF(EmployeeData[[#This Row],[Join Date]], EmployeeData[[#This Row],[Exit Date]], "Y"),EmployeeData[[#This Row],[Status]]="Active",DATEDIF(EmployeeData[[#This Row],[Join Date]], TODAY(), "Y"))} -> 0 | Q63: {=_xlfn.IFS(EmployeeData[[#This Row],[Status]]="Exited",DATEDIF(EmployeeData[[#This Row],[Join Date]], EmployeeData[[#This Row],[Exit Date]], "Y") & " years " & DATEDIF(EmployeeData[[#This Row],[Join Date]], EmployeeData[[#This Row],[Exit Date]], "YM") & " months " & DATEDIF(EmployeeData[[#This Row],[Join Date]], EmployeeData[[#This Row],[Exit Date]], "MD") & " days",EmployeeData[[#This Row],[Status]]="Active",DATEDIF(EmployeeData[[#This Row],[Join Date]], TODAY(), "Y") & " years " & DATEDIF(EmployeeData[[#This Row],[Join Date]], TODAY(), "YM") & " months " & DATEDIF(EmployeeData[[#This Row],[Join Date]], TODAY(), "MD") & " days")} -> 0 years 3 months 19 days
A64: 1063 | B64: Violeta Torres Ignacio | C64: Marketing | D64: Female | E64: 51 | F64: {=_xlfn.IFS(EmployeeData[[#This Row],[Age]]<30,"20s",EmployeeData[[#This Row],[Age]]<40,"30s",EmployeeData[[#This Row],[Age]]<50,"40s",EmployeeData[[#This Row],[Age]]<60,"50s",EmployeeData[[#This Row],[Age]]>=60,"60s")} -> 50s | G64: 45843 | H64: 46175 | I64: Better Opportunity | J64: Exited | K64: {=_xlfn.IFS(EmployeeData[[#This Row],[Status]]="Active",_xlfn.DAYS(TODAY(),EmployeeData[[#This Row],[Join Date]]),EmployeeData[[#This Row],[Status]]="Exited",_xlfn.DAYS(EmployeeData[[#This Row],[Exit Date]],EmployeeData[[#This Row],[Join Date]]))} -> 332 | L64: {=_xlfn.IFS(EmployeeData[[#This Row],[Status]]="Exited",DATEDIF(EmployeeData[[#This Row],[Join Date]], EmployeeData[[#This Row],[Exit Date]], "Y"),EmployeeData[[#This Row],[Status]]="Active",DATEDIF(EmployeeData[[#This Row],[Join Date]], TODAY(), "Y"))} -> 0 | Q64: {=_xlfn.IFS(EmployeeData[[#This Row],[Status]]="Exited",DATEDIF(EmployeeData[[#This Row],[Join Date]], EmployeeData[[#This Row],[Exit Date]], "Y") & " years " & DATEDIF(EmployeeData[[#This Row],[Join Date]], EmployeeData[[#This Row],[Exit Date]], "YM") & " months " & DATEDIF(EmployeeData[[#This Row],[Join Date]], EmployeeData[[#This Row],[Exit Date]], "MD") & " days",EmployeeData[[#This Row],[Status]]="Active",DATEDIF(EmployeeData[[#This Row],[Join Date]], TODAY(), "Y") & " years " & DATEDIF(EmployeeData[[#This Row],[Join Date]], TODAY(), "YM") & " months " & DATEDIF(EmployeeData[[#This Row],[Join Date]], TODAY(), "MD") & " days")} -> 0 years 10 months 28 days
A65: 1064 | B65: Grace Macapagal | C65: HR | D65: Female | E65: 40 | F65: {=_xlfn.IFS(EmployeeData[[#This Row],[Age]]<30,"20s",EmployeeData[[#This Row],[Age]]<40,"30s",EmployeeData[[#This Row],[Age]]<50,"40s",EmployeeData[[#This Row],[Age]]<60,"50s",EmployeeData[[#This Row],[Age]]>=60,"60s")} -> 40s | G65: 43543 | J65: Active | K65: {=_xlfn.IFS(EmployeeData[[#This Row],[Status]]="Active",_xlfn.DAYS(TODAY(),EmployeeData[[#This Row],[Join Date]]),EmployeeData[[#This Row],[Status]]="Exited",_xlfn.DAYS(EmployeeData[[#This Row],[Exit Date]],EmployeeData[[#This Row],[Join Date]]))} -> 2654 | L65: {=_xlfn.IFS(EmployeeData[[#This Row],[Status]]="Exited",DATEDIF(EmployeeData[[#This Row],[Join Date]], EmployeeData[[#This Row],[Exit Date]], "Y"),EmployeeData[[#This Row],[Status]]="Active",DATEDIF(EmployeeData[[#This Row],[Join Date]], TODAY(), "Y"))} -> 7 | Q65: {=_xlfn.IFS(EmployeeData[[#This Row],[Status]]="Exited",DATEDIF(EmployeeData[[#This Row],[Join Date]], EmployeeData[[#This Row],[Exit Date]], "Y") & " years " & DATEDIF(EmployeeData[[#This Row],[Join Date]], EmployeeData[[#This Row],[Exit Date]], "YM") & " months " & DATEDIF(EmployeeData[[#This Row],[Join Date]], EmployeeData[[#This Row],[Exit Date]], "MD") & " days",EmployeeData[[#This Row],[Status]]="Active",DATEDIF(EmployeeData[[#This Row],[Join Date]], TODAY(), "Y") & " years " & DATEDIF(EmployeeData[[#This Row],[Join Date]], TODAY(), "YM") & " months " & DATEDIF(EmployeeData[[#This Row],[Join Date]], TODAY(), "MD") & " days")} -> 7 years 3 months 5 days
A66: 1065 | B66: Renato Lopez | C66: Finance | D66: Male | E66: 33 | F66: {=_xlfn.IFS(EmployeeData[[#This Row],[Age]]<30,"20s",EmployeeData[[#This Row],[Age]]<40,"30s",EmployeeData[[#This Row],[Age]]<50,"40s",EmployeeData[[#This Row],[Age]]<60,"50s",EmployeeData[[#This Row],[Age]]>=60,"60s")} -> 30s | G66: 43412 | J66: Active | K66: {=_xlfn.IFS(EmployeeData[[#This Row],[Status]]="Active",_xlfn.DAYS(TODAY(),EmployeeData[[#This Row],[Join Date]]),EmployeeData[[#This Row],[Status]]="Exited",_xlfn.DAYS(EmployeeData[[#This Row],[Exit Date]],EmployeeData[[#This Row],[Join Date]]))} -> 2785 | L66: {=_xlfn.IFS(EmployeeData[[#This Row],[Status]]="Exited",DATEDIF(EmployeeData[[#This Row],[Join Date]], EmployeeData[[#This Row],[Exit Date]], "Y"),EmployeeData[[#This Row],[Status]]="Active",DATEDIF(EmployeeData[[#This Row],[Join Date]], TODAY(), "Y"))} -> 7 | Q66: {=_xlfn.IFS(EmployeeData[[#This Row],[Status]]="Exited",DATEDIF(EmployeeData[[#This Row],[Join Date]], EmployeeData[[#This Row],[Exit Date]], "Y") & " years " & DATEDIF(EmployeeData[[#This Row],[Join Date]], EmployeeData[[#This Row],[Exit Date]], "YM") & " months " & DATEDIF(EmployeeData[[#This Row],[Join Date]], EmployeeData[[#This Row],[Exit Date]], "MD") & " days",EmployeeData[[#This Row],[Status]]="Active",DATEDIF(EmployeeData[[#This Row],[Join Date]], TODAY(), "Y") & " years " & DATEDIF(EmployeeData[[#This Row],[Join Date]], TODAY(), "YM") & " months " & DATEDIF(EmployeeData[[#This Row],[Join Date]], TODAY(), "MD") & " days")} -> 7 years 7 months 16 days
A67: 1066 | B67: Efren Santiago Fajardo | C67: IT | D67: Other | E67: 28 | F67: {=_xlfn.IFS(EmployeeData[[#This Row],[Age]]<30,"20s",EmployeeData[[#This Row],[Age]]<40,"30s",EmployeeData[[#This Row],[Age]]<50,"40s",EmployeeData[[#This Row],[Age]]<60,"50s",EmployeeData[[#This Row],[Age]]>=60,"60s")} -> 20s | G67: 45419 | J67: Active | K67: {=_xlfn.IFS(EmployeeData[[#This Row],[Status]]="Active",_xlfn.DAYS(TODAY(),EmployeeData[[#This Row],[Join Date]]),EmployeeData[[#This Row],[Status]]="Exited",_xlfn.DAYS(EmployeeData[[#This Row],[Exit Date]],EmployeeData[[#This Row],[Join Date]]))} -> 778 | L67: {=_xlfn.IFS(EmployeeData[[#This Row],[Status]]="Exited",DATEDIF(EmployeeData[[#This Row],[Join Date]], EmployeeData[[#This Row],[Exit Date]], "Y"),EmployeeData[[#This Row],[Status]]="Active",DATEDIF(EmployeeData[[#This Row],[Join Date]], TODAY(), "Y"))} -> 2 | Q67: {=_xlfn.IFS(EmployeeData[[#This Row],[Status]]="Exited",DATEDIF(EmployeeData[[#This Row],[Join Date]], EmployeeData[[#This Row],[Exit Date]], "Y") & " years " & DATEDIF(EmployeeData[[#This Row],[Join Date]], EmployeeData[[#This Row],[Exit Date]], "YM") & " months " & DATEDIF(EmployeeData[[#This Row],[Join Date]], EmployeeData[[#This Row],[Exit Date]], "MD") & " days",EmployeeData[[#This Row],[Status]]="Active",DATEDIF(EmployeeData[[#This Row],[Join Date]], TODAY(), "Y") & " years " & DATEDIF(EmployeeData[[#This Row],[Join Date]], TODAY(), "YM") & " months " & DATEDIF(EmployeeData[[#This Row],[Join Date]], TODAY(), "MD") & " days")} -> 2 years 1 months 17 days
A68: 1067 | B68: Ronaldo Lacson | C68: Customer Support | D68: Male | E68: 21 | F68: {=_xlfn.IFS(EmployeeData[[#This Row],[Age]]<30,"20s",EmployeeData[[#This Row],[Age]]<40,"30s",EmployeeData[[#This Row],[Age]]<50,"40s",EmployeeData[[#This Row],[Age]]<60,"50s",EmployeeData[[#This Row],[Age]]>=60,"60s")} -> 20s | G68: 44821 | J68: Active | K68: {=_xlfn.IFS(EmployeeData[[#This Row],[Status]]="Active",_xlfn.DAYS(TODAY(),EmployeeData[[#This Row],[Join Date]]),EmployeeData[[#This Row],[Status]]="Exited",_xlfn.DAYS(EmployeeData[[#This Row],[Exit Date]],EmployeeData[[#This Row],[Join Date]]))} -> 1376 | L68: {=_xlfn.IFS(EmployeeData[[#This Row],[Status]]="Exited",DATEDIF(EmployeeData[[#This Row],[Join Date]], EmployeeData[[#This Row],[Exit Date]], "Y"),EmployeeData[[#This Row],[Status]]="Active",DATEDIF(EmployeeData[[#This Row],[Join Date]], TODAY(), "Y"))} -> 3 | Q68: {=_xlfn.IFS(EmployeeData[[#This Row],[Status]]="Exited",DATEDIF(EmployeeData[[#This Row],[Join Date]], EmployeeData[[#This Row],[Exit Date]], "Y") & " years " & DATEDIF(EmployeeData[[#This Row],[Join Date]], EmployeeData[[#This Row],[Exit Date]], "YM") & " months " & DATEDIF(EmployeeData[[#This Row],[Join Date]], EmployeeData[[#This Row],[Exit Date]], "MD") & " days",EmployeeData[[#This Row],[Status]]="Active",DATEDIF(EmployeeData[[#This Row],[Join Date]], TODAY(), "Y") & " years " & DATEDIF(EmployeeData[[#This Row],[Join Date]], TODAY(), "YM") & " months " & DATEDIF(EmployeeData[[#This Row],[Join Date]], TODAY(), "MD") & " days")} -> 3 years 9 months 7 days
A69: 1068 | B69: Fernando Solis | C69: Marketing | D69: Other | E69: 30 | F69: {=_xlfn.IFS(EmployeeData[[#This Row],[Age]]<30,"20s",EmployeeData[[#This Row],[Age]]<40,"30s",EmployeeData[[#This Row],[Age]]<50,"40s",EmployeeData[[#This Row],[Age]]<60,"50s",EmployeeData[[#This Row],[Age]]>=60,"60s")} -> 30s | G69: 44884 | H69: 46042 | I69: Contract End | J69: Exited | K69: {=_xlfn.IFS(EmployeeData[[#This Row],[Status]]="Active",_xlfn.DAYS(TODAY(),EmployeeData[[#This Row],[Join Date]]),EmployeeData[[#This Row],[Status]]="Exited",_xlfn.DAYS(EmployeeData[[#This Row],[Exit Date]],EmployeeData[[#This Row],[Join Date]]))} -> 1158 | L69: {=_xlfn.IFS(EmployeeData[[#This Row],[Status]]="Exited",DATEDIF(EmployeeData[[#This Row],[Join Date]], EmployeeData[[#This Row],[Exit Date]], "Y"),EmployeeData[[#This Row],[Status]]="Active",DATEDIF(EmployeeData[[#This Row],[Join Date]], TODAY(), "Y"))} -> 3 | Q69: {=_xlfn.IFS(EmployeeData[[#This Row],[Status]]="Exited",DATEDIF(EmployeeData[[#This Row],[Join Date]], EmployeeData[[#This Row],[Exit Date]], "Y") & " years " & DATEDIF(EmployeeData[[#This Row],[Join Date]], EmployeeData[[#This Row],[Exit Date]], "YM") & " months " & DATEDIF(EmployeeData[[#This Row],[Join Date]], EmployeeData[[#This Row],[Exit Date]], "MD") & " days",EmployeeData[[#This Row],[Status]]="Active",DATEDIF(EmployeeData[[#This Row],[Join Date]], TODAY(), "Y") & " years " & DATEDIF(EmployeeData[[#This Row],[Join Date]], TODAY(), "YM") & " months " & DATEDIF(EmployeeData[[#This Row],[Join Date]], TODAY(), "MD") & " days")} -> 3 years 2 months 1 days
A70: 1069 | B70: Danilo Ang | C70: Marketing | D70: Male | E70: 48 | F70: {=_xlfn.IFS(EmployeeData[[#This Row],[Age]]<30,"20s",EmployeeData[[#This Row],[Age]]<40,"30s",EmployeeData[[#This Row],[Age]]<50,"40s",EmployeeData[[#This Row],[Age]]<60,"50s",EmployeeData[[#This Row],[Age]]>=60,"60s")} -> 40s | G70: 45527 | H70: 45868 | I70: Resignation | J70: Exited | K70: {=_xlfn.IFS(EmployeeData[[#This Row],[Status]]="Active",_xlfn.DAYS(TODAY(),EmployeeData[[#This Row],[Join Date]]),EmployeeData[[#This Row],[Status]]="Exited",_xlfn.DAYS(EmployeeData[[#This Row],[Exit Date]],EmployeeData[[#This Row],[Join Date]]))} -> 341 | L70: {=_xlfn.IFS(EmployeeData[[#This Row],[Status]]="Exited",DATEDIF(EmployeeData[[#This Row],[Join Date]], EmployeeData[[#This Row],[Exit Date]], "Y"),EmployeeData[[#This Row],[Status]]="Active",DATEDIF(EmployeeData[[#This Row],[Join Date]], TODAY(), "Y"))} -> 0 | Q70: {=_xlfn.IFS(EmployeeData[[#This Row],[Status]]="Exited",DATEDIF(EmployeeData[[#This Row],[Join Date]], EmployeeData[[#This Row],[Exit Date]], "Y") & " years " & DATEDIF(EmployeeData[[#This Row],[Join Date]], EmployeeData[[#This Row],[Exit Date]], "YM") & " months " & DATEDIF(EmployeeData[[#This Row],[Join Date]], EmployeeData[[#This Row],[Exit Date]], "MD") & " days",EmployeeData[[#This Row],[Status]]="Active",DATEDIF(EmployeeData[[#This Row],[Join Date]], TODAY(), "Y") & " years " & DATEDIF(EmployeeData[[#This Row],[Join Date]], TODAY(), "YM") & " months " & DATEDIF(EmployeeData[[#This Row],[Join Date]], TODAY(), "MD") & " days")} -> 0 years 11 months 7 days
A71: 1070 | B71: Marcelo Crisostomo | C71: IT | D71: Male | E71: 45 | F71: {=_xlfn.IFS(EmployeeData[[#This Row],[Age]]<30,"20s",EmployeeData[[#This Row],[Age]]<40,"30s",EmployeeData[[#This Row],[Age]]<50,"40s",EmployeeData[[#This Row],[Age]]<60,"50s",EmployeeData[[#This Row],[Age]]>=60,"60s")} -> 40s | G71: 44478 | H71: 45233 | I71: Better Opportunity | J71: Exited | K71: {=_xlfn.IFS(EmployeeData[[#This Row],[Status]]="Active",_xlfn.DAYS(TODAY(),EmployeeData[[#This Row],[Join Date]]),EmployeeData[[#This Row],[Status]]="Exited",_xlfn.DAYS(EmployeeData[[#This Row],[Exit Date]],EmployeeData[[#This Row],[Join Date]]))} -> 755 | L71: {=_xlfn.IFS(EmployeeData[[#This Row],[Status]]="Exited",DATEDIF(EmployeeData[[#This Row],[Join Date]], EmployeeData[[#This Row],[Exit Date]], "Y"),EmployeeData[[#This Row],[Status]]="Active",DATEDIF(EmployeeData[[#This Row],[Join Date]], TODAY(), "Y"))} -> 2 | Q71: {=_xlfn.IFS(EmployeeData[[#This Row],[Status]]="Exited",DATEDIF(EmployeeData[[#This Row],[Join Date]], EmployeeData[[#This Row],[Exit Date]], "Y") & " years " & DATEDIF(EmployeeData[[#This Row],[Join Date]], EmployeeData[[#This Row],[Exit Date]], "YM") & " months " & DATEDIF(EmployeeData[[#This Row],[Join Date]], EmployeeData[[#This Row],[Exit Date]], "MD") & " days",EmployeeData[[#This Row],[Status]]="Active",DATEDIF(EmployeeData[[#This Row],[Join Date]], TODAY(), "Y") & " years " & DATEDIF(EmployeeData[[#This Row],[Join Date]], TODAY(), "YM") & " months " & DATEDIF(EmployeeData[[#This Row],[Join Date]], TODAY(), "MD") & " days")} -> 2 years 0 months 25 days
A72: 1071 | B72: Ana Mercado Viray | C72: IT | D72: Other | E72: 38 | F72: {=_xlfn.IFS(EmployeeData[[#This Row],[Age]]<30,"20s",EmployeeData[[#This Row],[Age]]<40,"30s",EmployeeData[[#This Row],[Age]]<50,"40s",EmployeeData[[#This Row],[Age]]<60,"50s",EmployeeData[[#This Row],[Age]]>=60,"60s")} -> 30s | G72: 45377 | H72: 45662 | I72: Better Opportunity | J72: Exited | K72: {=_xlfn.IFS(EmployeeData[[#This Row],[Status]]="Active",_xlfn.DAYS(TODAY(),EmployeeData[[#This Row],[Join Date]]),EmployeeData[[#This Row],[Status]]="Exited",_xlfn.DAYS(EmployeeData[[#This Row],[Exit Date]],EmployeeData[[#This Row],[Join Date]]))} -> 285 | L72: {=_xlfn.IFS(EmployeeData[[#This Row],[Status]]="Exited",DATEDIF(EmployeeData[[#This Row],[Join Date]], EmployeeData[[#This Row],[Exit Date]], "Y"),EmployeeData[[#This Row],[Status]]="Active",DATEDIF(EmployeeData[[#This Row],[Join Date]], TODAY(), "Y"))} -> 0 | Q72: {=_xlfn.IFS(EmployeeData[[#This Row],[Status]]="Exited",DATEDIF(EmployeeData[[#This Row],[Join Date]], EmployeeData[[#This Row],[Exit Date]], "Y") & " years " & DATEDIF(EmployeeData[[#This Row],[Join Date]], EmployeeData[[#This Row],[Exit Date]], "YM") & " months " & DATEDIF(EmployeeData[[#This Row],[Join Date]], EmployeeData[[#This Row],[Exit Date]], "MD") & " days",EmployeeData[[#This Row],[Status]]="Active",DATEDIF(EmployeeData[[#This Row],[Join Date]], TODAY(), "Y") & " years " & DATEDIF(EmployeeData[[#This Row],[Join Date]], TODAY(), "YM") & " months " & DATEDIF(EmployeeData[[#This Row],[Join Date]], TODAY(), "MD") & " days")} -> 0 years 9 months 10 days
A73: 1072 | B73: Danilo Mercado Chua | C73: HR | D73: Male | E73: 52 | F73: {=_xlfn.IFS(EmployeeData[[#This Row],[Age]]<30,"20s",EmployeeData[[#This Row],[Age]]<40,"30s",EmployeeData[[#This Row],[Age]]<50,"40s",EmployeeData[[#This Row],[Age]]<60,"50s",EmployeeData[[#This Row],[Age]]>=60,"60s")} -> 50s | G73: 44936 | J73: Active | K73: {=_xlfn.IFS(EmployeeData[[#This Row],[Status]]="Active",_xlfn.DAYS(TODAY(),EmployeeData[[#This Row],[Join Date]]),EmployeeData[[#This Row],[Status]]="Exited",_xlfn.DAYS(EmployeeData[[#This Row],[Exit Date]],EmployeeData[[#This Row],[Join Date]]))} -> 1261 | L73: {=_xlfn.IFS(EmployeeData[[#This Row],[Status]]="Exited",DATEDIF(EmployeeData[[#This Row],[Join Date]], EmployeeData[[#This Row],[Exit Date]], "Y"),EmployeeData[[#This Row],[Status]]="Active",DATEDIF(EmployeeData[[#This Row],[Join Date]], TODAY(), "Y"))} -> 3 | Q73: {=_xlfn.IFS(EmployeeData[[#This Row],[Status]]="Exited",DATEDIF(EmployeeData[[#This Row],[Join Date]], EmployeeData[[#This Row],[Exit Date]], "Y") & " years " & DATEDIF(EmployeeData[[#This Row],[Join Date]], EmployeeData[[#This Row],[Exit Date]], "YM") & " months " & DATEDIF(EmployeeData[[#This Row],[Join Date]], EmployeeData[[#This Row],[Exit Date]], "MD") & " days",EmployeeData[[#This Row],[Status]]="Active",DATEDIF(EmployeeData[[#This Row],[Join Date]], TODAY(), "Y") & " years " & DATEDIF(EmployeeData[[#This Row],[Join Date]], TODAY(), "YM") & " months " & DATEDIF(EmployeeData[[#This Row],[Join Date]], TODAY(), "MD") & " days")} -> 3 years 5 months 14 days
A74: 1073 | B74: Samuel Vega Del Rosario | C74: IT | D74: Male | E74: 51 | F74: {=_xlfn.IFS(EmployeeData[[#This Row],[Age]]<30,"20s",EmployeeData[[#This Row],[Age]]<40,"30s",EmployeeData[[#This Row],[Age]]<50,"40s",EmployeeData[[#This Row],[Age]]<60,"50s",EmployeeData[[#This Row],[Age]]>=60,"60s")} -> 50s | G74: 45368 | J74: Active | K74: {=_xlfn.IFS(EmployeeData[[#This Row],[Status]]="Active",_xlfn.DAYS(TODAY(),EmployeeData[[#This Row],[Join Date]]),EmployeeData[[#This Row],[Status]]="Exited",_xlfn.DAYS(EmployeeData[[#This Row],[Exit Date]],EmployeeData[[#This Row],[Join Date]]))} -> 829 | L74: {=_xlfn.IFS(EmployeeData[[#This Row],[Status]]="Exited",DATEDIF(EmployeeData[[#This Row],[Join Date]], EmployeeData[[#This Row],[Exit Date]], "Y"),EmployeeData[[#This Row],[Status]]="Active",DATEDIF(EmployeeData[[#This Row],[Join Date]], TODAY(), "Y"))} -> 2 | Q74: {=_xlfn.IFS(EmployeeData[[#This Row],[Status]]="Exited",DATEDIF(EmployeeData[[#This Row],[Join Date]], EmployeeData[[#This Row],[Exit Date]], "Y") & " years " & DATEDIF(EmployeeData[[#This Row],[Join Date]], EmployeeData[[#This Row],[Exit Date]], "YM") & " months " & DATEDIF(EmployeeData[[#This Row],[Join Date]], EmployeeData[[#This Row],[Exit Date]], "MD") & " days",EmployeeData[[#This Row],[Status]]="Active",DATEDIF(EmployeeData[[#This Row],[Join Date]], TODAY(), "Y") & " years " & DATEDIF(EmployeeData[[#This Row],[Join Date]], TODAY(), "YM") & " months " & DATEDIF(EmployeeData[[#This Row],[Join Date]], TODAY(), "MD") & " days")} -> 2 years 3 months 7 days
A75: 1074 | B75: Leonora Rivera | C75: HR | D75: Female | E75: 55 | F75: {=_xlfn.IFS(EmployeeData[[#This Row],[Age]]<30,"20s",EmployeeData[[#This Row],[Age]]<40,"30s",EmployeeData[[#This Row],[Age]]<50,"40s",EmployeeData[[#This Row],[Age]]<60,"50s",EmployeeData[[#This Row],[Age]]>=60,"60s")} -> 50s | G75: 44045 | H75: 44923 | I75: Retirement | J75: Exited | K75: {=_xlfn.IFS(EmployeeData[[#This Row],[Status]]="Active",_xlfn.DAYS(TODAY(),EmployeeData[[#This Row],[Join Date]]),EmployeeData[[#This Row],[Status]]="Exited",_xlfn.DAYS(EmployeeData[[#This Row],[Exit Date]],EmployeeData[[#This Row],[Join Date]]))} -> 878 | L75: {=_xlfn.IFS(EmployeeData[[#This Row],[Status]]="Exited",DATEDIF(EmployeeData[[#This Row],[Join Date]], EmployeeData[[#This Row],[Exit Date]], "Y"),EmployeeData[[#This Row],[Status]]="Active",DATEDIF(EmployeeData[[#This Row],[Join Date]], TODAY(), "Y"))} -> 2 | Q75: {=_xlfn.IFS(EmployeeData[[#This Row],[Status]]="Exited",DATEDIF(EmployeeData[[#This Row],[Join Date]], EmployeeData[[#This Row],[Exit Date]], "Y") & " years " & DATEDIF(EmployeeData[[#This Row],[Join Date]], EmployeeData[[#This Row],[Exit Date]], "YM") & " months " & DATEDIF(EmployeeData[[#This Row],[Join Date]], EmployeeData[[#This Row],[Exit Date]], "MD") & " days",EmployeeData[[#This Row],[Status]]="Active",DATEDIF(EmployeeData[[#This Row],[Join Date]], TODAY(), "Y") & " years " & DATEDIF(EmployeeData[[#This Row],[Join Date]], TODAY(), "YM") & " months " & DATEDIF(EmployeeData[[#This Row],[Join Date]], TODAY(), "MD") & " days")} -> 2 years 4 months 26 days
A76: 1075 | B76: Aldrin Soriano Lim | C76: IT | D76: Male | E76: 54 | F76: {=_xlfn.IFS(EmployeeData[[#This Row],[Age]]<30,"20s",EmployeeData[[#This Row],[Age]]<40,"30s",EmployeeData[[#This Row],[Age]]<50,"40s",EmployeeData[[#This Row],[Age]]<60,"50s",EmployeeData[[#This Row],[Age]]>=60,"60s")} -> 50s | G76: 45545 | H76: 45737 | I76: Resignation | J76: Exited | K76: {=_xlfn.IFS(EmployeeData[[#This Row],[Status]]="Active",_xlfn.DAYS(TODAY(),EmployeeData[[#This Row],[Join Date]]),EmployeeData[[#This Row],[Status]]="Exited",_xlfn.DAYS(EmployeeData[[#This Row],[Exit Date]],EmployeeData[[#This Row],[Join Date]]))} -> 192 | L76: {=_xlfn.IFS(EmployeeData[[#This Row],[Status]]="Exited",DATEDIF(EmployeeData[[#This Row],[Join Date]], EmployeeData[[#This Row],[Exit Date]], "Y"),EmployeeData[[#This Row],[Status]]="Active",DATEDIF(EmployeeData[[#This Row],[Join Date]], TODAY(), "Y"))} -> 0 | Q76: {=_xlfn.IFS(EmployeeData[[#This Row],[Status]]="Exited",DATEDIF(EmployeeData[[#This Row],[Join Date]], EmployeeData[[#This Row],[Exit Date]], "Y") & " years " & DATEDIF(EmployeeData[[#This Row],[Join Date]], EmployeeData[[#This Row],[Exit Date]], "YM") & " months " & DATEDIF(EmployeeData[[#This Row],[Join Date]], EmployeeData[[#This Row],[Exit Date]], "MD") & " days",EmployeeData[[#This Row],[Status]]="Active",DATEDIF(EmployeeData[[#This Row],[Join Date]], TODAY(), "Y") & " years " & DATEDIF(EmployeeData[[#This Row],[Join Date]], TODAY(), "YM") & " months " & DATEDIF(EmployeeData[[#This Row],[Join Date]], TODAY(), "MD") & " days")} -> 0 years 6 months 11 days
A77: 1076 | B77: Pete Chua | C77: Customer Support | D77: Male | E77: 38 | F77: {=_xlfn.IFS(EmployeeData[[#This Row],[Age]]<30,"20s",EmployeeData[[#This Row],[Age]]<40,"30s",EmployeeData[[#This Row],[Age]]<50,"40s",EmployeeData[[#This Row],[Age]]<60,"50s",EmployeeData[[#This Row],[Age]]>=60,"60s")} -> 30s | G77: 43287 | J77: Active | K77: {=_xlfn.IFS(EmployeeData[[#This Row],[Status]]="Active",_xlfn.DAYS(TODAY(),EmployeeData[[#This Row],[Join Date]]),EmployeeData[[#This Row],[Status]]="Exited",_xlfn.DAYS(EmployeeData[[#This Row],[Exit Date]],EmployeeData[[#This Row],[Join Date]]))} -> 2910 | L77: {=_xlfn.IFS(EmployeeData[[#This Row],[Status]]="Exited",DATEDIF(EmployeeData[[#This Row],[Join Date]], EmployeeData[[#This Row],[Exit Date]], "Y"),EmployeeData[[#This Row],[Status]]="Active",DATEDIF(EmployeeData[[#This Row],[Join Date]], TODAY(), "Y"))} -> 7 | Q77: {=_xlfn.IFS(EmployeeData[[#This Row],[Status]]="Exited",DATEDIF(EmployeeData[[#This Row],[Join Date]], EmployeeData[[#This Row],[Exit Date]], "Y") & " years " & DATEDIF(EmployeeData[[#This Row],[Join Date]], EmployeeData[[#This Row],[Exit Date]], "YM") & " months " & DATEDIF(EmployeeData[[#This Row],[Join Date]], EmployeeData[[#This Row],[Exit Date]], "MD") & " days",EmployeeData[[#This Row],[Status]]="Active",DATEDIF(EmployeeData[[#This Row],[Join Date]], TODAY(), "Y") & " years " & DATEDIF(EmployeeData[[#This Row],[Join Date]], TODAY(), "YM") & " months " & DATEDIF(EmployeeData[[#This Row],[Join Date]], TODAY(), "MD") & " days")} -> 7 years 11 months 18 days
A78: 1077 | B78: Maricel Uy Co | C78: Customer Support | D78: Other | E78: 52 | F78: {=_xlfn.IFS(EmployeeData[[#This Row],[Age]]<30,"20s",EmployeeData[[#This Row],[Age]]<40,"30s",EmployeeData[[#This Row],[Age]]<50,"40s",EmployeeData[[#This Row],[Age]]<60,"50s",EmployeeData[[#This Row],[Age]]>=60,"60s")} -> 50s | G78: 43521 | J78: Active | K78: {=_xlfn.IFS(EmployeeData[[#This Row],[Status]]="Active",_xlfn.DAYS(TODAY(),EmployeeData[[#This Row],[Join Date]]),EmployeeData[[#This Row],[Status]]="Exited",_xlfn.DAYS(EmployeeData[[#This Row],[Exit Date]],EmployeeData[[#This Row],[Join Date]]))} -> 2676 | L78: {=_xlfn.IFS(EmployeeData[[#This Row],[Status]]="Exited",DATEDIF(EmployeeData[[#This Row],[Join Date]], EmployeeData[[#This Row],[Exit Date]], "Y"),EmployeeData[[#This Row],[Status]]="Active",DATEDIF(EmployeeData[[#This Row],[Join Date]], TODAY(), "Y"))} -> 7 | Q78: {=_xlfn.IFS(EmployeeData[[#This Row],[Status]]="Exited",DATEDIF(EmployeeData[[#This Row],[Join Date]], EmployeeData[[#This Row],[Exit Date]], "Y") & " years " & DATEDIF(EmployeeData[[#This Row],[Join Date]], EmployeeData[[#This Row],[Exit Date]], "YM") & " months " & DATEDIF(EmployeeData[[#This Row],[Join Date]], EmployeeData[[#This Row],[Exit Date]], "MD") & " days",EmployeeData[[#This Row],[Status]]="Active",DATEDIF(EmployeeData[[#This Row],[Join Date]], TODAY(), "Y") & " years " & DATEDIF(EmployeeData[[#This Row],[Join Date]], TODAY(), "YM") & " months " & DATEDIF(EmployeeData[[#This Row],[Join Date]], TODAY(), "MD") & " days")} -> 7 years 3 months 30 days
A79: 1078 | B79: Jordan Macapagal | C79: IT | D79: Other | E79: 37 | F79: {=_xlfn.IFS(EmployeeData[[#This Row],[Age]]<30,"20s",EmployeeData[[#This Row],[Age]]<40,"30s",EmployeeData[[#This Row],[Age]]<50,"40s",EmployeeData[[#This Row],[Age]]<60,"50s",EmployeeData[[#This Row],[Age]]>=60,"60s")} -> 30s | G79: 45057 | H79: 45280 | I79: Termination | J79: Exited | K79: {=_xlfn.IFS(EmployeeData[[#This Row],[Status]]="Active",_xlfn.DAYS(TODAY(),EmployeeData[[#This Row],[Join Date]]),EmployeeData[[#This Row],[Status]]="Exited",_xlfn.DAYS(EmployeeData[[#This Row],[Exit Date]],EmployeeData[[#This Row],[Join Date]]))} -> 223 | L79: {=_xlfn.IFS(EmployeeData[[#This Row],[Status]]="Exited",DATEDIF(EmployeeData[[#This Row],[Join Date]], EmployeeData[[#This Row],[Exit Date]], "Y"),EmployeeData[[#This Row],[Status]]="Active",DATEDIF(EmployeeData[[#This Row],[Join Date]], TODAY(), "Y"))} -> 0 | Q79: {=_xlfn.IFS(EmployeeData[[#This Row],[Status]]="Exited",DATEDIF(EmployeeData[[#This Row],[Join Date]], EmployeeData[[#This Row],[Exit Date]], "Y") & " years " & DATEDIF(EmployeeData[[#This Row],[Join Date]], EmployeeData[[#This Row],[Exit Date]], "YM") & " months " & DATEDIF(EmployeeData[[#This Row],[Join Date]], EmployeeData[[#This Row],[Exit Date]], "MD") & " days",EmployeeData[[#This Row],[Status]]="Active",DATEDIF(EmployeeData[[#This Row],[Join Date]], TODAY(), "Y") & " years " & DATEDIF(EmployeeData[[#This Row],[Join Date]], TODAY(), "YM") & " months " & DATEDIF(EmployeeData[[#This Row],[Join Date]], TODAY(), "MD") & " days")} -> 0 years 7 months 9 days
A80: 1079 | B80: Yvonne Ramirez Quiambao | C80: Customer Support | D80: Female | E80: 57 | F80: {=_xlfn.IFS(EmployeeData[[#This Row],[Age]]<30,"20s",EmployeeData[[#This Row],[Age]]<40,"30s",EmployeeData[[#This Row],[Age]]<50,"40s",EmployeeData[[#This Row],[Age]]<60,"50s",EmployeeData[[#This Row],[Age]]>=60,"60s")} -> 50s | G80: 44345 | H80: 44943 | I80: Better Opportunity | J80: Exited | K80: {=_xlfn.IFS(EmployeeData[[#This Row],[Status]]="Active",_xlfn.DAYS(TODAY(),EmployeeData[[#This Row],[Join Date]]),EmployeeData[[#This Row],[Status]]="Exited",_xlfn.DAYS(EmployeeData[[#This Row],[Exit Date]],EmployeeData[[#This Row],[Join Date]]))} -> 598 | L80: {=_xlfn.IFS(EmployeeData[[#This Row],[Status]]="Exited",DATEDIF(EmployeeData[[#This Row],[Join Date]], EmployeeData[[#This Row],[Exit Date]], "Y"),EmployeeData[[#This Row],[Status]]="Active",DATEDIF(EmployeeData[[#This Row],[Join Date]], TODAY(), "Y"))} -> 1 | Q80: {=_xlfn.IFS(EmployeeData[[#This Row],[Status]]="Exited",DATEDIF(EmployeeData[[#This Row],[Join Date]], EmployeeData[[#This Row],[Exit Date]], "Y") & " years " & DATEDIF(EmployeeData[[#This Row],[Join Date]], EmployeeData[[#This Row],[Exit Date]], "YM") & " months " & DATEDIF(EmployeeData[[#This Row],[Join Date]], EmployeeData[[#This Row],[Exit Date]], "MD") & " days",EmployeeData[[#This Row],[Status]]="Active",DATEDIF(EmployeeData[[#This Row],[Join Date]], TODAY(), "Y") & " years " & DATEDIF(EmployeeData[[#This Row],[Join Date]], TODAY(), "YM") & " months " & DATEDIF(EmployeeData[[#This Row],[Join Date]], TODAY(), "MD") & " days")} -> 1 years 7 months 19 days
A81: 1080 | B81: Samuel Bautista Yap | C81: HR | D81: Male | E81: 49 | F81: {=_xlfn.IFS(EmployeeData[[#This Row],[Age]]<30,"20s",EmployeeData[[#This Row],[Age]]<40,"30s",EmployeeData[[#This Row],[Age]]<50,"40s",EmployeeData[[#This Row],[Age]]<60,"50s",EmployeeData[[#This Row],[Age]]>=60,"60s")} -> 40s | G81: 44318 | J81: Active | K81: {=_xlfn.IFS(EmployeeData[[#This Row],[Status]]="Active",_xlfn.DAYS(TODAY(),EmployeeData[[#This Row],[Join Date]]),EmployeeData[[#This Row],[Status]]="Exited",_xlfn.DAYS(EmployeeData[[#This Row],[Exit Date]],EmployeeData[[#This Row],[Join Date]]))} -> 1879 | L81: {=_xlfn.IFS(EmployeeData[[#This Row],[Status]]="Exited",DATEDIF(EmployeeData[[#This Row],[Join Date]], EmployeeData[[#This Row],[Exit Date]], "Y"),EmployeeData[[#This Row],[Status]]="Active",DATEDIF(EmployeeData[[#This Row],[Join Date]], TODAY(), "Y"))} -> 5 | Q81: {=_xlfn.IFS(EmployeeData[[#This Row],[Status]]="Exited",DATEDIF(EmployeeData[[#This Row],[Join Date]], EmployeeData[[#This Row],[Exit Date]], "Y") & " years " & DATEDIF(EmployeeData[[#This Row],[Join Date]], EmployeeData[[#This Row],[Exit Date]], "YM") & " months " & DATEDIF(EmployeeData[[#This Row],[Join Date]], EmployeeData[[#This Row],[Exit Date]], "MD") & " days",EmployeeData[[#This Row],[Status]]="Active",DATEDIF(EmployeeData[[#This Row],[Join Date]], TODAY(), "Y") & " years " & DATEDIF(EmployeeData[[#This Row],[Join Date]], TODAY(), "YM") & " months " & DATEDIF(EmployeeData[[#This Row],[Join Date]], TODAY(), "MD") & " days")} -> 5 years 1 months 22 days
A82: 1081 | B82: Eduardo Lopez Soriano | C82: Marketing | D82: Other | E82: 34 | F82: {=_xlfn.IFS(EmployeeData[[#This Row],[Age]]<30,"20s",EmployeeData[[#This Row],[Age]]<40,"30s",EmployeeData[[#This Row],[Age]]<50,"40s",EmployeeData[[#This Row],[Age]]<60,"50s",EmployeeData[[#This Row],[Age]]>=60,"60s")} -> 30s | G82: 45663 | H82: 46091 | I82: Better Opportunity | J82: Exited | K82: {=_xlfn.IFS(EmployeeData[[#This Row],[Status]]="Active",_xlfn.DAYS(TODAY(),EmployeeData[[#This Row],[Join Date]]),EmployeeData[[#This Row],[Status]]="Exited",_xlfn.DAYS(EmployeeData[[#This Row],[Exit Date]],EmployeeData[[#This Row],[Join Date]]))} -> 428 | L82: {=_xlfn.IFS(EmployeeData[[#This Row],[Status]]="Exited",DATEDIF(EmployeeData[[#This Row],[Join Date]], EmployeeData[[#This Row],[Exit Date]], "Y"),EmployeeData[[#This Row],[Status]]="Active",DATEDIF(EmployeeData[[#This Row],[Join Date]], TODAY(), "Y"))} -> 1 | Q82: {=_xlfn.IFS(EmployeeData[[#This Row],[Status]]="Exited",DATEDIF(EmployeeData[[#This Row],[Join Date]], EmployeeData[[#This Row],[Exit Date]], "Y") & " years " & DATEDIF(EmployeeData[[#This Row],[Join Date]], EmployeeData[[#This Row],[Exit Date]], "YM") & " months " & DATEDIF(EmployeeData[[#This Row],[Join Date]], EmployeeData[[#This Row],[Exit Date]], "MD") & " days",EmployeeData[[#This Row],[Status]]="Active",DATEDIF(EmployeeData[[#This Row],[Join Date]], TODAY(), "Y") & " years " & DATEDIF(EmployeeData[[#This Row],[Join Date]], TODAY(), "YM") & " months " & DATEDIF(EmployeeData[[#This Row],[Join Date]], TODAY(), "MD") & " days")} -> 1 years 2 months 4 days
A83: 1082 | B83: Alvin Villanueva | C83: Customer Support | D83: Male | E83: 51 | F83: {=_xlfn.IFS(EmployeeData[[#This Row],[Age]]<30,"20s",EmployeeData[[#This Row],[Age]]<40,"30s",EmployeeData[[#This Row],[Age]]<50,"40s",EmployeeData[[#This Row],[Age]]<60,"50s",EmployeeData[[#This Row],[Age]]>=60,"60s")} -> 50s | G83: 44293 | H83: 44973 | I83: Personal Reasons | J83: Exited | K83: {=_xlfn.IFS(EmployeeData[[#This Row],[Status]]="Active",_xlfn.DAYS(TODAY(),EmployeeData[[#This Row],[Join Date]]),EmployeeData[[#This Row],[Status]]="Exited",_xlfn.DAYS(EmployeeData[[#This Row],[Exit Date]],EmployeeData[[#This Row],[Join Date]]))} -> 680 | L83: {=_xlfn.IFS(EmployeeData[[#This Row],[Status]]="Exited",DATEDIF(EmployeeData[[#This Row],[Join Date]], EmployeeData[[#This Row],[Exit Date]], "Y"),EmployeeData[[#This Row],[Status]]="Active",DATEDIF(EmployeeData[[#This Row],[Join Date]], TODAY(), "Y"))} -> 1 | Q83: {=_xlfn.IFS(EmployeeData[[#This Row],[Status]]="Exited",DATEDIF(EmployeeData[[#This Row],[Join Date]], EmployeeData[[#This Row],[Exit Date]], "Y") & " years " & DATEDIF(EmployeeData[[#This Row],[Join Date]], EmployeeData[[#This Row],[Exit Date]], "YM") & " months " & DATEDIF(EmployeeData[[#This Row],[Join Date]], EmployeeData[[#This Row],[Exit Date]], "MD") & " days",EmployeeData[[#This Row],[Status]]="Active",DATEDIF(EmployeeData[[#This Row],[Join Date]], TODAY(), "Y") & " years " & DATEDIF(EmployeeData[[#This Row],[Join Date]], TODAY(), "YM") & " months " & DATEDIF(EmployeeData[[#This Row],[Join Date]], TODAY(), "MD") & " days")} -> 1 years 10 months 9 days
A84: 1083 | B84: Miguel Ramirez Estrada | C84: Finance | D84: Other | E84: 58 | F84: {=_xlfn.IFS(EmployeeData[[#This Row],[Age]]<30,"20s",EmployeeData[[#This Row],[Age]]<40,"30s",EmployeeData[[#This Row],[Age]]<50,"40s",EmployeeData[[#This Row],[Age]]<60,"50s",EmployeeData[[#This Row],[Age]]>=60,"60s")} -> 50s | G84: 45809 | J84: Active | K84: {=_xlfn.IFS(EmployeeData[[#This Row],[Status]]="Active",_xlfn.DAYS(TODAY(),EmployeeData[[#This Row],[Join Date]]),EmployeeData[[#This Row],[Status]]="Exited",_xlfn.DAYS(EmployeeData[[#This Row],[Exit Date]],EmployeeData[[#This Row],[Join Date]]))} -> 388 | L84: {=_xlfn.IFS(EmployeeData[[#This Row],[Status]]="Exited",DATEDIF(EmployeeData[[#This Row],[Join Date]], EmployeeData[[#This Row],[Exit Date]], "Y"),EmployeeData[[#This Row],[Status]]="Active",DATEDIF(EmployeeData[[#This Row],[Join Date]], TODAY(), "Y"))} -> 1 | Q84: {=_xlfn.IFS(EmployeeData[[#This Row],[Status]]="Exited",DATEDIF(EmployeeData[[#This Row],[Join Date]], EmployeeData[[#This Row],[Exit Date]], "Y") & " years " & DATEDIF(EmployeeData[[#This Row],[Join Date]], EmployeeData[[#This Row],[Exit Date]], "YM") & " months " & DATEDIF(EmployeeData[[#This Row],[Join Date]], EmployeeData[[#This Row],[Exit Date]], "MD") & " days",EmployeeData[[#This Row],[Status]]="Active",DATEDIF(EmployeeData[[#This Row],[Join Date]], TODAY(), "Y") & " years " & DATEDIF(EmployeeData[[#This Row],[Join Date]], TODAY(), "YM") & " months " & DATEDIF(EmployeeData[[#This Row],[Join Date]], TODAY(), "MD") & " days")} -> 1 years 0 months 23 days
A85: 1084 | B85: Maricel Go Co | C85: HR | D85: Other | E85: 30 | F85: {=_xlfn.IFS(EmployeeData[[#This Row],[Age]]<30,"20s",EmployeeData[[#This Row],[Age]]<40,"30s",EmployeeData[[#This Row],[Age]]<50,"40s",EmployeeData[[#This Row],[Age]]<60,"50s",EmployeeData[[#This Row],[Age]]>=60,"60s")} -> 30s | G85: 43393 | H85: 44742 | I85: Relocation | J85: Exited | K85: {=_xlfn.IFS(EmployeeData[[#This Row],[Status]]="Active",_xlfn.DAYS(TODAY(),EmployeeData[[#This Row],[Join Date]]),EmployeeData[[#This Row],[Status]]="Exited",_xlfn.DAYS(EmployeeData[[#This Row],[Exit Date]],EmployeeData[[#This Row],[Join Date]]))} -> 1349 | L85: {=_xlfn.IFS(EmployeeData[[#This Row],[Status]]="Exited",DATEDIF(EmployeeData[[#This Row],[Join Date]], EmployeeData[[#This Row],[Exit Date]], "Y"),EmployeeData[[#This Row],[Status]]="Active",DATEDIF(EmployeeData[[#This Row],[Join Date]], TODAY(), "Y"))} -> 3 | Q85: {=_xlfn.IFS(EmployeeData[[#This Row],[Status]]="Exited",DATEDIF(EmployeeData[[#This Row],[Join Date]], EmployeeData[[#This Row],[Exit Date]], "Y") & " years " & DATEDIF(EmployeeData[[#This Row],[Join Date]], EmployeeData[[#This Row],[Exit Date]], "YM") & " months " & DATEDIF(EmployeeData[[#This Row],[Join Date]], EmployeeData[[#This Row],[Exit Date]], "MD") & " days",EmployeeData[[#This Row],[Status]]="Active",DATEDIF(EmployeeData[[#This Row],[Join Date]], TODAY(), "Y") & " years " & DATEDIF(EmployeeData[[#This Row],[Join Date]], TODAY(), "YM") & " months " & DATEDIF(EmployeeData[[#This Row],[Join Date]], TODAY(), "MD") & " days")} -> 3 years 8 months 10 days
A86: 1085 | B86: Luisa Sy Ramos | C86: HR | D86: Other | E86: 38 | F86: {=_xlfn.IFS(EmployeeData[[#This Row],[Age]]<30,"20s",EmployeeData[[#This Row],[Age]]<40,"30s",EmployeeData[[#This Row],[Age]]<50,"40s",EmployeeData[[#This Row],[Age]]<60,"50s",EmployeeData[[#This Row],[Age]]>=60,"60s")} -> 30s | G86: 45150 | J86: Active | K86: {=_xlfn.IFS(EmployeeData[[#This Row],[Status]]="Active",_xlfn.DAYS(TODAY(),EmployeeData[[#This Row],[Join Date]]),EmployeeData[[#This Row],[Status]]="Exited",_xlfn.DAYS(EmployeeData[[#This Row],[Exit Date]],EmployeeData[[#This Row],[Join Date]]))} -> 1047 | L86: {=_xlfn.IFS(EmployeeData[[#This Row],[Status]]="Exited",DATEDIF(EmployeeData[[#This Row],[Join Date]], EmployeeData[[#This Row],[Exit Date]], "Y"),EmployeeData[[#This Row],[Status]]="Active",DATEDIF(EmployeeData[[#This Row],[Join Date]], TODAY(), "Y"))} -> 2 | Q86: {=_xlfn.IFS(EmployeeData[[#This Row],[Status]]="Exited",DATEDIF(EmployeeData[[#This Row],[Join Date]], EmployeeData[[#This Row],[Exit Date]], "Y") & " years " & DATEDIF(EmployeeData[[#This Row],[Join Date]], EmployeeData[[#This Row],[Exit Date]], "YM") & " months " & DATEDIF(EmployeeData[[#This Row],[Join Date]], EmployeeData[[#This Row],[Exit Date]], "MD") & " days",EmployeeData[[#This Row],[Status]]="Active",DATEDIF(EmployeeData[[#This Row],[Join Date]], TODAY(), "Y") & " years " & DATEDIF(EmployeeData[[#This Row],[Join Date]], TODAY(), "YM") & " months " & DATEDIF(EmployeeData[[#This Row],[Join Date]], TODAY(), "MD") & " days")} -> 2 years 10 months 12 days
A87: 1086 | B87: Ulysses Gonzales Macapagal | C87: HR | D87: Male | E87: 22 | F87: {=_xlfn.IFS(EmployeeData[[#This Row],[Age]]<30,"20s",EmployeeData[[#This Row],[Age]]<40,"30s",EmployeeData[[#This Row],[Age]]<50,"40s",EmployeeData[[#This Row],[Age]]<60,"50s",EmployeeData[[#This Row],[Age]]>=60,"60s")} -> 20s | G87: 43475 | H87: 43649 | I87: Contract End | J87: Exited | K87: {=_xlfn.IFS(EmployeeData[[#This Row],[Status]]="Active",_xlfn.DAYS(TODAY(),EmployeeData[[#This Row],[Join Date]]),EmployeeData[[#This Row],[Status]]="Exited",_xlfn.DAYS(EmployeeData[[#This Row],[Exit Date]],EmployeeData[[#This Row],[Join Date]]))} -> 174 | L87: {=_xlfn.IFS(EmployeeData[[#This Row],[Status]]="Exited",DATEDIF(EmployeeData[[#This Row],[Join Date]], EmployeeData[[#This Row],[Exit Date]], "Y"),EmployeeData[[#This Row],[Status]]="Active",DATEDIF(EmployeeData[[#This Row],[Join Date]], TODAY(), "Y"))} -> 0 | Q87: {=_xlfn.IFS(EmployeeData[[#This Row],[Status]]="Exited",DATEDIF(EmployeeData[[#This Row],[Join Date]], EmployeeData[[#This Row],[Exit Date]], "Y") & " years " & DATEDIF(EmployeeData[[#This Row],[Join Date]], EmployeeData[[#This Row],[Exit Date]], "YM") & " months " & DATEDIF(EmployeeData[[#This Row],[Join Date]], EmployeeData[[#This Row],[Exit Date]], "MD") & " days",EmployeeData[[#This Row],[Status]]="Active",DATEDIF(EmployeeData[[#This Row],[Join Date]], TODAY(), "Y") & " years " & DATEDIF(EmployeeData[[#This Row],[Join Date]], TODAY(), "YM") & " months " & DATEDIF(EmployeeData[[#This Row],[Join Date]], TODAY(), "MD") & " days")} -> 0 years 5 months 23 days
A88: 1087 | B88: Timothy Zulueta | C88: Marketing | D88: Male | E88: 38 | F88: {=_xlfn.IFS(EmployeeData[[#This Row],[Age]]<30,"20s",EmployeeData[[#This Row],[Age]]<40,"30s",EmployeeData[[#This Row],[Age]]<50,"40s",EmployeeData[[#This Row],[Age]]<60,"50s",EmployeeData[[#This Row],[Age]]>=60,"60s")} -> 30s | G88: 43844 | J88: Active | K88: {=_xlfn.IFS(EmployeeData[[#This Row],[Status]]="Active",_xlfn.DAYS(TODAY(),EmployeeData[[#This Row],[Join Date]]),EmployeeData[[#This Row],[Status]]="Exited",_xlfn.DAYS(EmployeeData[[#This Row],[Exit Date]],EmployeeData[[#This Row],[Join Date]]))} -> 2353 | L88: {=_xlfn.IFS(EmployeeData[[#This Row],[Status]]="Exited",DATEDIF(EmployeeData[[#This Row],[Join Date]], EmployeeData[[#This Row],[Exit Date]], "Y"),EmployeeData[[#This Row],[Status]]="Active",DATEDIF(EmployeeData[[#This Row],[Join Date]], TODAY(), "Y"))} -> 6 | Q88: {=_xlfn.IFS(EmployeeData[[#This Row],[Status]]="Exited",DATEDIF(EmployeeData[[#This Row],[Join Date]], EmployeeData[[#This Row],[Exit Date]], "Y") & " years " & DATEDIF(EmployeeData[[#This Row],[Join Date]], EmployeeData[[#This Row],[Exit Date]], "YM") & " months " & DATEDIF(EmployeeData[[#This Row],[Join Date]], EmployeeData[[#This Row],[Exit Date]], "MD") & " days",EmployeeData[[#This Row],[Status]]="Active",DATEDIF(EmployeeData[[#This Row],[Join Date]], TODAY(), "Y") & " years " & DATEDIF(EmployeeData[[#This Row],[Join Date]], TODAY(), "YM") & " months " & DATEDIF(EmployeeData[[#This Row],[Join Date]], TODAY(), "MD") & " days")} -> 6 years 5 months 10 days
A89: 1088 | B89: Francis Bondoc | C89: Finance | D89: Male | E89: 47 | F89: {=_xlfn.IFS(EmployeeData[[#This Row],[Age]]<30,"20s",EmployeeData[[#This Row],[Age]]<40,"30s",EmployeeData[[#This Row],[Age]]<50,"40s",EmployeeData[[#This Row],[Age]]<60,"50s",EmployeeData[[#This Row],[Age]]>=60,"60s")} -> 40s | G89: 44466 | H89: 44770 | I89: Resignation | J89: Exited | K89: {=_xlfn.IFS(EmployeeData[[#This Row],[Status]]="Active",_xlfn.DAYS(TODAY(),EmployeeData[[#This Row],[Join Date]]),EmployeeData[[#This Row],[Status]]="Exited",_xlfn.DAYS(EmployeeData[[#This Row],[Exit Date]],EmployeeData[[#This Row],[Join Date]]))} -> 304 | L89: {=_xlfn.IFS(EmployeeData[[#This Row],[Status]]="Exited",DATEDIF(EmployeeData[[#This Row],[Join Date]], EmployeeData[[#This Row],[Exit Date]], "Y"),EmployeeData[[#This Row],[Status]]="Active",DATEDIF(EmployeeData[[#This Row],[Join Date]], TODAY(), "Y"))} -> 0 | Q89: {=_xlfn.IFS(EmployeeData[[#This Row],[Status]]="Exited",DATEDIF(EmployeeData[[#This Row],[Join Date]], EmployeeData[[#This Row],[Exit Date]], "Y") & " years " & DATEDIF(EmployeeData[[#This Row],[Join Date]], EmployeeData[[#This Row],[Exit Date]], "YM") & " months " & DATEDIF(EmployeeData[[#This Row],[Join Date]], EmployeeData[[#This Row],[Exit Date]], "MD") & " days",EmployeeData[[#This Row],[Status]]="Active",DATEDIF(EmployeeData[[#This Row],[Join Date]], TODAY(), "Y") & " years " & DATEDIF(EmployeeData[[#This Row],[Join Date]], TODAY(), "YM") & " months " & DATEDIF(EmployeeData[[#This Row],[Join Date]], TODAY(), "MD") & " days")} -> 0 years 10 months 1 days
A90: 1089 | B90: Rodel Tan Go | C90: IT | D90: Other | E90: 56 | F90: {=_xlfn.IFS(EmployeeData[[#This Row],[Age]]<30,"20s",EmployeeData[[#This Row],[Age]]<40,"30s",EmployeeData[[#This Row],[Age]]<50,"40s",EmployeeData[[#This Row],[Age]]<60,"50s",EmployeeData[[#This Row],[Age]]>=60,"60s")} -> 50s | G90: 43251 | J90: Active | K90: {=_xlfn.IFS(EmployeeData[[#This Row],[Status]]="Active",_xlfn.DAYS(TODAY(),EmployeeData[[#This Row],[Join Date]]),EmployeeData[[#This Row],[Status]]="Exited",_xlfn.DAYS(EmployeeData[[#This Row],[Exit Date]],EmployeeData[[#This Row],[Join Date]]))} -> 2946 | L90: {=_xlfn.IFS(EmployeeData[[#This Row],[Status]]="Exited",DATEDIF(EmployeeData[[#This Row],[Join Date]], EmployeeData[[#This Row],[Exit Date]], "Y"),EmployeeData[[#This Row],[Status]]="Active",DATEDIF(EmployeeData[[#This Row],[Join Date]], TODAY(), "Y"))} -> 8 | Q90: {=_xlfn.IFS(EmployeeData[[#This Row],[Status]]="Exited",DATEDIF(EmployeeData[[#This Row],[Join Date]], EmployeeData[[#This Row],[Exit Date]], "Y") & " years " & DATEDIF(EmployeeData[[#This Row],[Join Date]], EmployeeData[[#This Row],[Exit Date]], "YM") & " months " & DATEDIF(EmployeeData[[#This Row],[Join Date]], EmployeeData[[#This Row],[Exit Date]], "MD") & " days",EmployeeData[[#This Row],[Status]]="Active",DATEDIF(EmployeeData[[#This Row],[Join Date]], TODAY(), "Y") & " years " & DATEDIF(EmployeeData[[#This Row],[Join Date]], TODAY(), "YM") & " months " & DATEDIF(EmployeeData[[#This Row],[Join Date]], TODAY(), "MD") & " days")} -> 8 years 0 months 24 days
A91: 1090 | B91: Carmen Santiago Bondoc | C91: Sales | D91: Other | E91: 21 | F91: {=_xlfn.IFS(EmployeeData[[#This Row],[Age]]<30,"20s",EmployeeData[[#This Row],[Age]]<40,"30s",EmployeeData[[#This Row],[Age]]<50,"40s",EmployeeData[[#This Row],[Age]]<60,"50s",EmployeeData[[#This Row],[Age]]>=60,"60s")} -> 20s | G91: 45794 | J91: Active | K91: {=_xlfn.IFS(EmployeeData[[#This Row],[Status]]="Active",_xlfn.DAYS(TODAY(),EmployeeData[[#This Row],[Join Date]]),EmployeeData[[#This Row],[Status]]="Exited",_xlfn.DAYS(EmployeeData[[#This Row],[Exit Date]],EmployeeData[[#This Row],[Join Date]]))} -> 403 | L91: {=_xlfn.IFS(EmployeeData[[#This Row],[Status]]="Exited",DATEDIF(EmployeeData[[#This Row],[Join Date]], EmployeeData[[#This Row],[Exit Date]], "Y"),EmployeeData[[#This Row],[Status]]="Active",DATEDIF(EmployeeData[[#This Row],[Join Date]], TODAY(), "Y"))} -> 1 | Q91: {=_xlfn.IFS(EmployeeData[[#This Row],[Status]]="Exited",DATEDIF(EmployeeData[[#This Row],[Join Date]], EmployeeData[[#This Row],[Exit Date]], "Y") & " years " & DATEDIF(EmployeeData[[#This Row],[Join Date]], EmployeeData[[#This Row],[Exit Date]], "YM") & " months " & DATEDIF(EmployeeData[[#This Row],[Join Date]], EmployeeData[[#This Row],[Exit Date]], "MD") & " days",EmployeeData[[#This Row],[Status]]="Active",DATEDIF(EmployeeData[[#This Row],[Join Date]], TODAY(), "Y") & " years " & DATEDIF(EmployeeData[[#This Row],[Join Date]], TODAY(), "YM") & " months " & DATEDIF(EmployeeData[[#This Row],[Join Date]], TODAY(), "MD") & " days")} -> 1 years 1 months 7 days
A92: 1091 | B92: Victor Reyes Jimenez | C92: Marketing | D92: Male | E92: 49 | F92: {=_xlfn.IFS(EmployeeData[[#This Row],[Age]]<30,"20s",EmployeeData[[#This Row],[Age]]<40,"30s",EmployeeData[[#This Row],[Age]]<50,"40s",EmployeeData[[#This Row],[Age]]<60,"50s",EmployeeData[[#This Row],[Age]]>=60,"60s")} -> 40s | G92: 43312 | H92: 43938 | I92: Contract End | J92: Exited | K92: {=_xlfn.IFS(EmployeeData[[#This Row],[Status]]="Active",_xlfn.DAYS(TODAY(),EmployeeData[[#This Row],[Join Date]]),EmployeeData[[#This Row],[Status]]="Exited",_xlfn.DAYS(EmployeeData[[#This Row],[Exit Date]],EmployeeData[[#This Row],[Join Date]]))} -> 626 | L92: {=_xlfn.IFS(EmployeeData[[#This Row],[Status]]="Exited",DATEDIF(EmployeeData[[#This Row],[Join Date]], EmployeeData[[#This Row],[Exit Date]], "Y"),EmployeeData[[#This Row],[Status]]="Active",DATEDIF(EmployeeData[[#This Row],[Join Date]], TODAY(), "Y"))} -> 1 | Q92: {=_xlfn.IFS(EmployeeData[[#This Row],[Status]]="Exited",DATEDIF(EmployeeData[[#This Row],[Join Date]], EmployeeData[[#This Row],[Exit Date]], "Y") & " years " & DATEDIF(EmployeeData[[#This Row],[Join Date]], EmployeeData[[#This Row],[Exit Date]], "YM") & " months " & DATEDIF(EmployeeData[[#This Row],[Join Date]], EmployeeData[[#This Row],[Exit Date]], "MD") & " days",EmployeeData[[#This Row],[Status]]="Active",DATEDIF(EmployeeData[[#This Row],[Join Date]], TODAY(), "Y") & " years " & DATEDIF(EmployeeData[[#This Row],[Join Date]], TODAY(), "YM") & " months " & DATEDIF(EmployeeData[[#This Row],[Join Date]], TODAY(), "MD") & " days")} -> 1 years 8 months 17 days
A93: 1092 | B93: Danilo Tan | C93: Finance | D93: Male | E93: 36 | F93: {=_xlfn.IFS(EmployeeData[[#This Row],[Age]]<30,"20s",EmployeeData[[#This Row],[Age]]<40,"30s",EmployeeData[[#This Row],[Age]]<50,"40s",EmployeeData[[#This Row],[Age]]<60,"50s",EmployeeData[[#This Row],[Age]]>=60,"60s")} -> 30s | G93: 43749 | H93: 43895 | I93: Health Issues | J93: Exited | K93: {=_xlfn.IFS(EmployeeData[[#This Row],[Status]]="Active",_xlfn.DAYS(TODAY(),EmployeeData[[#This Row],[Join Date]]),EmployeeData[[#This Row],[Status]]="Exited",_xlfn.DAYS(EmployeeData[[#This Row],[Exit Date]],EmployeeData[[#This Row],[Join Date]]))} -> 146 | L93: {=_xlfn.IFS(EmployeeData[[#This Row],[Status]]="Exited",DATEDIF(EmployeeData[[#This Row],[Join Date]], EmployeeData[[#This Row],[Exit Date]], "Y"),EmployeeData[[#This Row],[Status]]="Active",DATEDIF(EmployeeData[[#This Row],[Join Date]], TODAY(), "Y"))} -> 0 | Q93: {=_xlfn.IFS(EmployeeData[[#This Row],[Status]]="Exited",DATEDIF(EmployeeData[[#This Row],[Join Date]], EmployeeData[[#This Row],[Exit Date]], "Y") & " years " & DATEDIF(EmployeeData[[#This Row],[Join Date]], EmployeeData[[#This Row],[Exit Date]], "YM") & " months " & DATEDIF(EmployeeData[[#This Row],[Join Date]], EmployeeData[[#This Row],[Exit Date]], "MD") & " days",EmployeeData[[#This Row],[Status]]="Active",DATEDIF(EmployeeData[[#This Row],[Join Date]], TODAY(), "Y") & " years " & DATEDIF(EmployeeData[[#This Row],[Join Date]], TODAY(), "YM") & " months " & DATEDIF(EmployeeData[[#This Row],[Join Date]], TODAY(), "MD") & " days")} -> 0 years 4 months 23 days
A94: 1093 | B94: Ian Aguilar Miranda | C94: Finance | D94: Male | E94: 28 | F94: {=_xlfn.IFS(EmployeeData[[#This Row],[Age]]<30,"20s",EmployeeData[[#This Row],[Age]]<40,"30s",EmployeeData[[#This Row],[Age]]<50,"40s",EmployeeData[[#This Row],[Age]]<60,"50s",EmployeeData[[#This Row],[Age]]>=60,"60s")} -> 20s | G94: 45754 | J94: Active | K94: {=_xlfn.IFS(EmployeeData[[#This Row],[Status]]="Active",_xlfn.DAYS(TODAY(),EmployeeData[[#This Row],[Join Date]]),EmployeeData[[#This Row],[Status]]="Exited",_xlfn.DAYS(EmployeeData[[#This Row],[Exit Date]],EmployeeData[[#This Row],[Join Date]]))} -> 443 | L94: {=_xlfn.IFS(EmployeeData[[#This Row],[Status]]="Exited",DATEDIF(EmployeeData[[#This Row],[Join Date]], EmployeeData[[#This Row],[Exit Date]], "Y"),EmployeeData[[#This Row],[Status]]="Active",DATEDIF(EmployeeData[[#This Row],[Join Date]], TODAY(), "Y"))} -> 1 | Q94: {=_xlfn.IFS(EmployeeData[[#This Row],[Status]]="Exited",DATEDIF(EmployeeData[[#This Row],[Join Date]], EmployeeData[[#This Row],[Exit Date]], "Y") & " years " & DATEDIF(EmployeeData[[#This Row],[Join Date]], EmployeeData[[#This Row],[Exit Date]], "YM") & " months " & DATEDIF(EmployeeData[[#This Row],[Join Date]], EmployeeData[[#This Row],[Exit Date]], "MD") & " days",EmployeeData[[#This Row],[Status]]="Active",DATEDIF(EmployeeData[[#This Row],[Join Date]], TODAY(), "Y") & " years " & DATEDIF(EmployeeData[[#This Row],[Join Date]], TODAY(), "YM") & " months " & DATEDIF(EmployeeData[[#This Row],[Join Date]], TODAY(), "MD") & " days")} -> 1 years 2 months 17 days
A95: 1094 | B95: Diosdado Ramos Salazar | C95: IT | D95: Male | E95: 51 | F95: {=_xlfn.IFS(EmployeeData[[#This Row],[Age]]<30,"20s",EmployeeData[[#This Row],[Age]]<40,"30s",EmployeeData[[#This Row],[Age]]<50,"40s",EmployeeData[[#This Row],[Age]]<60,"50s",EmployeeData[[#This Row],[Age]]>=60,"60s")} -> 50s | G95: 44099 | J95: Active | K95: {=_xlfn.IFS(EmployeeData[[#This Row],[Status]]="Active",_xlfn.DAYS(TODAY(),EmployeeData[[#This Row],[Join Date]]),EmployeeData[[#This Row],[Status]]="Exited",_xlfn.DAYS(EmployeeData[[#This Row],[Exit Date]],EmployeeData[[#This Row],[Join Date]]))} -> 2098 | L95: {=_xlfn.IFS(EmployeeData[[#This Row],[Status]]="Exited",DATEDIF(EmployeeData[[#This Row],[Join Date]], EmployeeData[[#This Row],[Exit Date]], "Y"),EmployeeData[[#This Row],[Status]]="Active",DATEDIF(EmployeeData[[#This Row],[Join Date]], TODAY(), "Y"))} -> 5 | Q95: {=_xlfn.IFS(EmployeeData[[#This Row],[Status]]="Exited",DATEDIF(EmployeeData[[#This Row],[Join Date]], EmployeeData[[#This Row],[Exit Date]], "Y") & " years " & DATEDIF(EmployeeData[[#This Row],[Join Date]], EmployeeData[[#This Row],[Exit Date]], "YM") & " months " & DATEDIF(EmployeeData[[#This Row],[Join Date]], EmployeeData[[#This Row],[Exit Date]], "MD") & " days",EmployeeData[[#This Row],[Status]]="Active",DATEDIF(EmployeeData[[#This Row],[Join Date]], TODAY(), "Y") & " years " & DATEDIF(EmployeeData[[#This Row],[Join Date]], TODAY(), "YM") & " months " & DATEDIF(EmployeeData[[#This Row],[Join Date]], TODAY(), "MD") & " days")} -> 5 years 8 months 30 days
A96: 1095 | B96: Kath Wong | C96: Sales | D96: Female | E96: 47 | F96: {=_xlfn.IFS(EmployeeData[[#This Row],[Age]]<30,"20s",EmployeeData[[#This Row],[Age]]<40,"30s",EmployeeData[[#This Row],[Age]]<50,"40s",EmployeeData[[#This Row],[Age]]<60,"50s",EmployeeData[[#This Row],[Age]]>=60,"60s")} -> 40s | G96: 44493 | J96: Active | K96: {=_xlfn.IFS(EmployeeData[[#This Row],[Status]]="Active",_xlfn.DAYS(TODAY(),EmployeeData[[#This Row],[Join Date]]),EmployeeData[[#This Row],[Status]]="Exited",_xlfn.DAYS(EmployeeData[[#This Row],[Exit Date]],EmployeeData[[#This Row],[Join Date]]))} -> 1704 | L96: {=_xlfn.IFS(EmployeeData[[#This Row],[Status]]="Exited",DATEDIF(EmployeeData[[#This Row],[Join Date]], EmployeeData[[#This Row],[Exit Date]], "Y"),EmployeeData[[#This Row],[Status]]="Active",DATEDIF(EmployeeData[[#This Row],[Join Date]], TODAY(), "Y"))} -> 4 | Q96: {=_xlfn.IFS(EmployeeData[[#This Row],[Status]]="Exited",DATEDIF(EmployeeData[[#This Row],[Join Date]], EmployeeData[[#This Row],[Exit Date]], "Y") & " years " & DATEDIF(EmployeeData[[#This Row],[Join Date]], EmployeeData[[#This Row],[Exit Date]], "YM") & " months " & DATEDIF(EmployeeData[[#This Row],[Join Date]], EmployeeData[[#This Row],[Exit Date]], "MD") & " days",EmployeeData[[#This Row],[Status]]="Active",DATEDIF(EmployeeData[[#This Row],[Join Date]], TODAY(), "Y") & " years " & DATEDIF(EmployeeData[[#This Row],[Join Date]], TODAY(), "YM") & " months " & DATEDIF(EmployeeData[[#This Row],[Join Date]], TODAY(), "MD") & " days")} -> 4 years 8 months 0 days
A97: 1096 | B97: Ivy Chan Domingo | C97: IT | D97: Female | E97: 58 | F97: {=_xlfn.IFS(EmployeeData[[#This Row],[Age]]<30,"20s",EmployeeData[[#This Row],[Age]]<40,"30s",EmployeeData[[#This Row],[Age]]<50,"40s",EmployeeData[[#This Row],[Age]]<60,"50s",EmployeeData[[#This Row],[Age]]>=60,"60s")} -> 50s | G97: 45476 | J97: Active | K97: {=_xlfn.IFS(EmployeeData[[#This Row],[Status]]="Active",_xlfn.DAYS(TODAY(),EmployeeData[[#This Row],[Join Date]]),EmployeeData[[#This Row],[Status]]="Exited",_xlfn.DAYS(EmployeeData[[#This Row],[Exit Date]],EmployeeData[[#This Row],[Join Date]]))} -> 721 | L97: {=_xlfn.IFS(EmployeeData[[#This Row],[Status]]="Exited",DATEDIF(EmployeeData[[#This Row],[Join Date]], EmployeeData[[#This Row],[Exit Date]], "Y"),EmployeeData[[#This Row],[Status]]="Active",DATEDIF(EmployeeData[[#This Row],[Join Date]], TODAY(), "Y"))} -> 1 | Q97: {=_xlfn.IFS(EmployeeData[[#This Row],[Status]]="Exited",DATEDIF(EmployeeData[[#This Row],[Join Date]], EmployeeData[[#This Row],[Exit Date]], "Y") & " years " & DATEDIF(EmployeeData[[#This Row],[Join Date]], EmployeeData[[#This Row],[Exit Date]], "YM") & " months " & DATEDIF(EmployeeData[[#This Row],[Join Date]], EmployeeData[[#This Row],[Exit Date]], "MD") & " days",EmployeeData[[#This Row],[Status]]="Active",DATEDIF(EmployeeData[[#This Row],[Join Date]], TODAY(), "Y") & " years " & DATEDIF(EmployeeData[[#This Row],[Join Date]], TODAY(), "YM") & " months " & DATEDIF(EmployeeData[[#This Row],[Join Date]], TODAY(), "MD") & " days")} -> 1 years 11 months 21 days
A98: 1097 | B98: Elmer Diaz | C98: IT | D98: Male | E98: 55 | F98: {=_xlfn.IFS(EmployeeData[[#This Row],[Age]]<30,"20s",EmployeeData[[#This Row],[Age]]<40,"30s",EmployeeData[[#This Row],[Age]]<50,"40s",EmployeeData[[#This Row],[Age]]<60,"50s",EmployeeData[[#This Row],[Age]]>=60,"60s")} -> 50s | G98: 44646 | J98: Active | K98: {=_xlfn.IFS(EmployeeData[[#This Row],[Status]]="Active",_xlfn.DAYS(TODAY(),EmployeeData[[#This Row],[Join Date]]),EmployeeData[[#This Row],[Status]]="Exited",_xlfn.DAYS(EmployeeData[[#This Row],[Exit Date]],EmployeeData[[#This Row],[Join Date]]))} -> 1551 | L98: {=_xlfn.IFS(EmployeeData[[#This Row],[Status]]="Exited",DATEDIF(EmployeeData[[#This Row],[Join Date]], EmployeeData[[#This Row],[Exit Date]], "Y"),EmployeeData[[#This Row],[Status]]="Active",DATEDIF(EmployeeData[[#This Row],[Join Date]], TODAY(), "Y"))} -> 4 | Q98: {=_xlfn.IFS(EmployeeData[[#This Row],[Status]]="Exited",DATEDIF(EmployeeData[[#This Row],[Join Date]], EmployeeData[[#This Row],[Exit Date]], "Y") & " years " & DATEDIF(EmployeeData[[#This Row],[Join Date]], EmployeeData[[#This Row],[Exit Date]], "YM") & " months " & DATEDIF(EmployeeData[[#This Row],[Join Date]], EmployeeData[[#This Row],[Exit Date]], "MD") & " days",EmployeeData[[#This Row],[Status]]="Active",DATEDIF(EmployeeData[[#This Row],[Join Date]], TODAY(), "Y") & " years " & DATEDIF(EmployeeData[[#This Row],[Join Date]], TODAY(), "YM") & " months " & DATEDIF(EmployeeData[[#This Row],[Join Date]], TODAY(), "MD") & " days")} -> 4 years 2 months 29 days
A99: 1098 | B99: Leonard Salazar | C99: Customer Support | D99: Male | E99: 47 | F99: {=_xlfn.IFS(EmployeeData[[#This Row],[Age]]<30,"20s",EmployeeData[[#This Row],[Age]]<40,"30s",EmployeeData[[#This Row],[Age]]<50,"40s",EmployeeData[[#This Row],[Age]]<60,"50s",EmployeeData[[#This Row],[Age]]>=60,"60s")} -> 40s | G99: 43279 | H99: 45306 | I99: Personal Reasons | J99: Exited | K99: {=_xlfn.IFS(EmployeeData[[#This Row],[Status]]="Active",_xlfn.DAYS(TODAY(),EmployeeData[[#This Row],[Join Date]]),EmployeeData[[#This Row],[Status]]="Exited",_xlfn.DAYS(EmployeeData[[#This Row],[Exit Date]],EmployeeData[[#This Row],[Join Date]]))} -> 2027 | L99: {=_xlfn.IFS(EmployeeData[[#This Row],[Status]]="Exited",DATEDIF(EmployeeData[[#This Row],[Join Date]], EmployeeData[[#This Row],[Exit Date]], "Y"),EmployeeData[[#This Row],[Status]]="Active",DATEDIF(EmployeeData[[#This Row],[Join Date]], TODAY(), "Y"))} -> 5 | Q99: {=_xlfn.IFS(EmployeeData[[#This Row],[Status]]="Exited",DATEDIF(EmployeeData[[#This Row],[Join Date]], EmployeeData[[#This Row],[Exit Date]], "Y") & " years " & DATEDIF(EmployeeData[[#This Row],[Join Date]], EmployeeData[[#This Row],[Exit Date]], "YM") & " months " & DATEDIF(EmployeeData[[#This Row],[Join Date]], EmployeeData[[#This Row],[Exit Date]], "MD") & " days",EmployeeData[[#This Row],[Status]]="Active",DATEDIF(EmployeeData[[#This Row],[Join Date]], TODAY(), "Y") & " years " & DATEDIF(EmployeeData[[#This Row],[Join Date]], TODAY(), "YM") & " months " & DATEDIF(EmployeeData[[#This Row],[Join Date]], TODAY(), "MD") & " days")} -> 5 years 6 months 18 days
A100: 1099 | B100: Bernardo Bagtas | C100: Sales | D100: Male | E100: 30 | F100: {=_xlfn.IFS(EmployeeData[[#This Row],[Age]]<30,"20s",EmployeeData[[#This Row],[Age]]<40,"30s",EmployeeData[[#This Row],[Age]]<50,"40s",EmployeeData[[#This Row],[Age]]<60,"50s",EmployeeData[[#This Row],[Age]]>=60,"60s")} -> 30s | G100: 45129 | J100: Active | K100: {=_xlfn.IFS(EmployeeData[[#This Row],[Status]]="Active",_xlfn.DAYS(TODAY(),EmployeeData[[#This Row],[Join Date]]),EmployeeData[[#This Row],[Status]]="Exited",_xlfn.DAYS(EmployeeData[[#This Row],[Exit Date]],EmployeeData[[#This Row],[Join Date]]))} -> 1068 | L100: {=_xlfn.IFS(EmployeeData[[#This Row],[Status]]="Exited",DATEDIF(EmployeeData[[#This Row],[Join Date]], EmployeeData[[#This Row],[Exit Date]], "Y"),EmployeeData[[#This Row],[Status]]="Active",DATEDIF(EmployeeData[[#This Row],[Join Date]], TODAY(), "Y"))} -> 2 | Q100: {=_xlfn.IFS(EmployeeData[[#This Row],[Status]]="Exited",DATEDIF(EmployeeData[[#This Row],[Join Date]], EmployeeData[[#This Row],[Exit Date]], "Y") & " years " & DATEDIF(EmployeeData[[#This Row],[Join Date]], EmployeeData[[#This Row],[Exit Date]], "YM") & " months " & DATEDIF(EmployeeData[[#This Row],[Join Date]], EmployeeData[[#This Row],[Exit Date]], "MD") & " days",EmployeeData[[#This Row],[Status]]="Active",DATEDIF(EmployeeData[[#This Row],[Join Date]], TODAY(), "Y") & " years " & DATEDIF(EmployeeData[[#This Row],[Join Date]], TODAY(), "YM") & " months " & DATEDIF(EmployeeData[[#This Row],[Join Date]], TODAY(), "MD") & " days")} -> 2 years 11 months 2 days
...

Sheet helpers
B2: TOTAL HEADCOUNT KPI CARD | I2: EMPLOYEE HEADCOUNT YoY
B4: =GETPIVOTDATA("Employee ID",'PIVOT TABLES'!$B$4) -> 1081 | I4: Year | J4: Start Date | K4: End Date | L4: Headcount | M4: Total Exits | N4: Total Headcount | O4: Ave. Headcount | P4: Headcount YoY | Q4: Turnover Rate
I5: 2018 | J5: 43101 | K5: 43465 | L5: =COUNTIFS(EmployeeData[Join Date], ">="&J5, EmployeeData[Join Date], "<="&K5) -> 146 | M5: =COUNTIFS(EmployeeData[Exit Date], ">="&J5, EmployeeData[Exit Date], "<="&K5) -> 3 | N5: =L5-M5 -> 143 | O5: =N5 -> 143 | P5: 1 | Q5: =M5/O5 -> 0.020979021 | R5: 0
B6: STATUS KPI CARD | I6: 2019 | J6: 43466 | K6: 43830 | L6: =N5 + COUNTIFS(EmployeeData[Join Date], ">="&J6, EmployeeData[Join Date], "<="&K6) -> 288 | M6: =COUNTIFS(EmployeeData[Exit Date], ">="&J6, EmployeeData[Exit Date], "<="&K6) -> 11 | N6: =L6-M6 -> 277 | O6: =SUM(N6,N5)/2 -> 210 | P6: =(N6-N5)/N5 -> 0.93706294 | Q6: =M6/O6 -> 0.052380952 | R6: =Q6-Q5 -> 0.031401931
I7: 2020 | J7: 43831 | K7: 44196 | L7: =N6 + COUNTIFS(EmployeeData[Join Date], ">="&J7, EmployeeData[Join Date], "<="&K7) -> 405 | M7: =COUNTIFS(EmployeeData[Exit Date], ">="&J7, EmployeeData[Exit Date], "<="&K7) -> 23 | N7: =L7-M7 -> 382 | O7: =SUM(N7,N6)/2 -> 329.5 | P7: =(N7-N6)/N6 -> 0.37906137 | Q7: =M7/O7 -> 0.069802731 | R7: =Q7-Q6 -> 0.017421779
B8: Status | C8: Count of Employee | I8: 2021 | J8: 44197 | K8: 44561 | L8: =N7 + COUNTIFS(EmployeeData[Join Date], ">="&J8, EmployeeData[Join Date], "<="&K8) -> 516 | M8: =COUNTIFS(EmployeeData[Exit Date], ">="&J8, EmployeeData[Exit Date], "<="&K8) -> 24 | N8: =L8-M8 -> 492 | O8: =SUM(N8,N7)/2 -> 437 | P8: =(N8-N7)/N7 -> 0.28795812 | Q8: =M8/O8 -> 0.054919908 | R8: =Q8-Q7 -> -0.014882823
B9: Active | C9: =GETPIVOTDATA("Employee ID",'PIVOT TABLES'!$B$10,"Status","Active") -> 667 | I9: 2022 | J9: 44562 | K9: 44926 | L9: =N8 + COUNTIFS(EmployeeData[Join Date], ">="&J9, EmployeeData[Join Date], "<="&K9) -> 632 | M9: =COUNTIFS(EmployeeData[Exit Date], ">="&J9, EmployeeData[Exit Date], "<="&K9) -> 49 | N9: =L9-M9 -> 583 | O9: =SUM(N9,N8)/2 -> 537.5 | P9: =(N9-N8)/N8 -> 0.18495935 | Q9: =M9/O9 -> 0.091162791 | R9: =Q9-Q8 -> 0.036242882
B10: Exited | C10: =GETPIVOTDATA("Employee ID",'PIVOT TABLES'!$B$10,"Status","Exited") -> 414 | I10: 2023 | J10: 44927 | K10: 45291 | L10: =N9 + COUNTIFS(EmployeeData[Join Date], ">="&J10, EmployeeData[Join Date], "<="&K10) -> 723 | M10: =COUNTIFS(EmployeeData[Exit Date], ">="&J10, EmployeeData[Exit Date], "<="&K10) -> 59 | N10: =L10-M10 -> 664 | O10: =SUM(N10,N9)/2 -> 623.5 | P10: =(N10-N9)/N9 -> 0.13893654 | Q10: =M10/O10 -> 0.094627105 | R10: =Q10-Q9 -> 0.0034643144
I11: 2024 | J11: 45292 | K11: 45657 | L11: =N10 + COUNTIFS(EmployeeData[Join Date], ">="&J11, EmployeeData[Join Date], "<="&K11) -> 783 | M11: =COUNTIFS(EmployeeData[Exit Date], ">="&J11, EmployeeData[Exit Date], "<="&K11) -> 71 | N11: =L11-M11 -> 712 | O11: =SUM(N11,N10)/2 -> 688 | P11: =(N11-N10)/N10 -> 0.072289157 | Q11: =M11/O11 -> 0.10319767 | R11: =Q11-Q10 -> 0.0085705694
B12: ACTIVE VS. EXITED COMPARISON CHART BY AGE BRACKET | I12: 2025 | J12: 45658 | K12: 46022 | L12: =N11 + COUNTIFS(EmployeeData[Join Date], ">="&J12, EmployeeData[Join Date], "<="&K12) -> 841 | M12: =COUNTIFS(EmployeeData[Exit Date], ">="&J12, EmployeeData[Exit Date], "<="&K12) -> 116 | N12: =L12-M12 -> 725 | O12: =SUM(N12,N11)/2 -> 718.5 | P12: =(N12-N11)/N11 -> 0.018258427 | Q12: =M12/O12 -> 0.16144746 | R12: =Q12-Q11 -> 0.058249786
I13: 2026 | J13: 46023 | K13: 46387 | L13: =N12 + COUNTIFS(EmployeeData[Join Date], ">="&J13, EmployeeData[Join Date], "<="&K13) -> 725 | M13: =COUNTIFS(EmployeeData[Exit Date], ">="&J13, EmployeeData[Exit Date], "<="&K13) -> 58 | N13: =L13-M13 -> 667 | O13: =SUM(N13,N12)/2 -> 696 | P13: =(N13-N12)/N12 -> -0.08 | Q13: =M13/O13 -> 0.083333333 | R13: =Q13-Q12 -> -0.078114127
B14: Age Bracket | C14: Active | D14: Active | E14: Exited
B15: 20s | C15: =GETPIVOTDATA("Employee ID",'PIVOT TABLES'!$AL$4,"Age bracket","20s","Status","Active") -> 153 | D15: =-C15 -> -153 | E15: =GETPIVOTDATA("Employee ID",'PIVOT TABLES'!$AL$4,"Age bracket","20s","Status","Exited") -> 92
B16: 30s | C16: =GETPIVOTDATA("Employee ID",'PIVOT TABLES'!$AL$4,"Age bracket","30s","Status","Active") -> 162 | D16: =-C16 -> -162 | E16: =GETPIVOTDATA("Employee ID",'PIVOT TABLES'!$AL$4,"Age bracket","30s","Status","Exited") -> 83
B17: 40s | C17: =GETPIVOTDATA("Employee ID",'PIVOT TABLES'!$AL$4,"Age bracket","40s","Status","Active") -> 198 | D17: =-C17 -> -198 | E17: =GETPIVOTDATA("Employee ID",'PIVOT TABLES'!$AL$4,"Age bracket","40s","Status","Exited") -> 101
B18: 50s | C18: =GETPIVOTDATA("Employee ID",'PIVOT TABLES'!$AL$4,"Age bracket","50s","Status","Active") -> 154 | D18: =-C18 -> -154 | E18: =GETPIVOTDATA("Employee ID",'PIVOT TABLES'!$AL$4,"Age bracket","50s","Status","Exited") -> 119
B19: 60s | E19: =GETPIVOTDATA("Employee ID",'PIVOT TABLES'!$AL$4,"Age bracket","60s","Status","Exited") -> 19
